category_id,category
1,ATM
2,ATV rental service
3,Adult entertainment club
4,Afghani restaurant
5,African goods store
6,African restaurant
7,Airport
8,Airport shuttle service
9,Alternative fuel station
10,American restaurant
11,Ammunition supplier
12,Amusement center
13,Amusement park
14,Angler fish restaurant
15,Animal feed store
16,Animal park
17,Antique store
18,Appliance parts supplier
19,Appliance store
20,Archaeological site
21,Architect
22,Argentinian restaurant
23,Art center
24,Art gallery
25,Art studio
26,Asian fusion restaurant
27,Asian grocery store
28,Asian restaurant
29,Association or organization
30,Audio visual equipment rental service
31,Audio visual equipment supplier
32,Australian restaurant
33,Austrian restaurant
34,Authentic Japanese restaurant
35,Awning supplier
36,Açaí shop
37,BBQ area
38,Baby clothing store
39,Bagel shop
40,Bakery
41,Bakery equipment
42,Baking supply store
43,Balloon artist
44,Balloon store
45,Banquet hall
46,Bar
47,Bar & grill
48,Barbecue area
49,Barbecue restaurant
50,Barber shop
51,Batting cage center
52,Beauty salon
53,Beauty supply store
54,Bed & breakfast
55,Beer garden
56,Beer hall
57,Beer store
58,Belgian restaurant
59,Berry restaurant
60,Beverage distributor
61,Bicycle Shop
62,Bicycle rental service
63,Bicycle repair shop
64,Billiards supply store
65,Bird watching area
66,Bistro
67,Blues club
68,Boat rental service
69,Boat storage facility
70,Book publisher
71,Book store
72,Botanical garden
73,Boutique
74,Bowling alley
75,Bowling supply shop
76,Box lunch supplier
77,Brazilian restaurant
78,Breakfast restaurant
79,Brewery
80,Brewpub
81,Bridal shop
82,British restaurant
83,Brunch restaurant
84,Bubble tea store
85,Buffet restaurant
86,Burrito restaurant
87,Business center
88,Business networking company
89,Business park
90,Business to business service
91,Butcher shop
92,Butcher shop deli
93,Cafe
94,Cafeteria
95,Cajun restaurant
96,Cake shop
97,Californian restaurant
98,Campground
99,Camping store
100,Candy store
101,Cannabis store
102,Canoe & kayak tour agency
103,Cantonese restaurant
104,Car wash
105,Caribbean restaurant
106,Caterer
107,Catering
108,Catering food and drink supplier
109,Central American restaurant
110,Cheese shop
111,Cheesesteak restaurant
112,Chess club
113,Chicken restaurant
114,Chicken shop
115,Chicken wings restaurant
116,Children's amusement center
117,Children's clothing store
118,Children's party service
119,Childrens book store
120,Childrens cafe
121,Childrens party buffet
122,Chilean restaurant
123,Chinese bakery
124,Chinese noodle restaurant
125,Chinese restaurant
126,Chinese takeaway
127,Chinese tea house
128,Chocolate artisan
129,Chocolate cafe
130,Chocolate factory
131,Chocolate shop
132,Christian book store
133,Cider bar
134,Cider mill
135,Cigar shop
136,Cleaners
137,Clothing store
138,Club
139,Cocktail bar
140,Coffee machine supplier
141,Coffee roasters
142,Coffee shop
143,Coffee stand
144,Coffee store
145,Coffee vending machine
146,Coffee wholesaler
147,College
148,Colombian restaurant
149,Comedy club
150,Comic book store
151,Comic cafe
152,Community center
153,Computer service
154,Computer store
155,Concert hall
156,Condominium complex
157,Confectionery wholesaler
158,Conference center
159,Consignment shop
160,Continental restaurant
161,Convenience store
162,Convention center
163,Cookie shop
164,Cooking class
165,Copy shop
166,Corporate entertainment service
167,Corporate gift supplier
168,Corporate office
169,Cosmetics store
170,Costume store
171,Country food restaurant
172,Coworking space
173,Crab house
174,Crêperie
175,Cuban restaurant
176,Culinary school
177,Cupcake shop
178,Custom tailor
179,Cutlery store
180,DJ service
181,Dairy farm
182,Dairy store
183,Dance club
184,Dance hall
185,Dance restaurant
186,Dance school
187,Dart bar
188,Day care center
189,Day spa
190,Deli
191,Delivery Chinese restaurant
192,Delivery Restaurant
193,Delivery service
194,Department store
195,Dessert restaurant
196,Dessert shop
197,Dim sum restaurant
198,Diner
199,Dinner theater
200,Disc golf course
201,Disco club
202,Discount store
203,Discount supermarket
204,Distillery
205,Distribution service
206,Dog cafe
207,Dog park
208,Dog trainer
209,Dominican restaurant
210,Donut shop
211,Down home cooking restaurant
212,Drive-in movie theater
213,Dry cleaner
214,East African restaurant
215,Eclectic restaurant
216,Electric vehicle charging station
217,Entertainer
218,Escape room center
219,Espresso bar
220,Ethiopian restaurant
221,Ethnic restaurant
222,European restaurant
223,Event management company
224,Event planner
225,Event venue
226,Exhibit
227,Facial spa
228,Falafel restaurant
229,Family restaurant
230,Farm
231,Farm equipment supplier
232,Farmers' market
233,Fashion accessories store
234,Fast food restaurant
235,Fence supply store
236,Festival
237,Filipino restaurant
238,Fine dining restaurant
239,Firearms academy
240,Fish & chips restaurant
241,Fish and chips takeaway
242,Fish farm
243,Fishing charter
244,Fishing store
245,Fitness center
246,Florist
247,Flower delivery
248,Flower designer
249,Fondue restaurant
250,Food and beverage exporter
251,Food and drink
252,Food court
253,Food manufacturer
254,Food producer
255,Food products supplier
256,Food service
257,Free parking lot
258,French restaurant
259,Fresh food market
260,Fried chicken takeaway
261,Frozen dessert supplier
262,Frozen food manufacturer
263,Frozen yogurt shop
264,Fruit and vegetable store
265,Fruit parlor
266,Fuel supplier
267,Fugu restaurant
268,Furniture rental service
269,Fusion restaurant
270,Game store
271,Garden
272,Garden center
273,Gas station
274,Gastropub
275,Gay bar
276,Gay night club
277,General store
278,Generator shop
279,German restaurant
280,Gift basket store
281,Gift shop
282,Gift wrap store
283,Gluten-free restaurant
284,Go-kart track
285,Golf club
286,Golf course
287,Golf driving range
288,Golf instructor
289,Golf shop
290,Gourmet grocery store
291,Greek restaurant
292,Greenhouse
293,Greeting card shop
294,Grill
295,Grill store
296,Grocery delivery service
297,Grocery store
298,Group accommodation
299,Guatemalan restaurant
300,Gun shop
301,Gym
302,Gyro restaurant
303,Hair removal service
304,Hair salon
305,Halal restaurant
306,Ham shop
307,Hamburger restaurant
308,Handicraft
309,Hardware store
310,Hat shop
311,Hawaiian goods store
312,Hawaiian restaurant
313,Health and beauty shop
314,Health consultant
315,Health food restaurant
316,Health food store
317,Helium gas supplier
318,Hiking area
319,Hindu temple
320,Historical landmark
321,Historical place
322,Historical place museum
323,History museum
324,Hoagie restaurant
325,Hobby store
326,Holiday accommodation service
327,Holiday home
328,Home goods store
329,Home improvement store
330,Honduran restaurant
331,Hookah bar
332,Hookah store
333,Hostel
334,Hot dog restaurant
335,Hot dog stand
336,Hot pot restaurant
337,Hotel
338,Houseboat rental service
339,Housing development
340,Hunting and fishing store
341,Ice cream shop
342,Indian Muslim restaurant
343,Indian grocery store
344,Indian restaurant
345,Indian sizzler restaurant
346,Indian takeaway
347,Indoor cycling
348,Indoor lodging
349,Indoor playground
350,Indoor swimming pool
351,Inn
352,Internet cafe
353,Invitation printing service
354,Irish pub
355,Irish restaurant
356,Italian grocery store
357,Italian restaurant
358,Izakaya restaurant
359,Jamaican restaurant
360,Japanese curry restaurant
361,Japanese delicatessen
362,Japanese restaurant
363,Japanese steakhouse
364,Japanese sweets restaurant
365,Jazz club
366,Jewelry store
367,Jewish restaurant
368,Juice shop
369,Karaoke
370,Karaoke bar
371,Kashmiri restaurant
372,Katsudon restaurant
373,Kebab shop
374,Kitchen supply store
375,Knife store
376,Knit shop
377,Korean barbecue restaurant
378,Korean beef restaurant
379,Korean grocery store
380,Korean restaurant
381,Kosher restaurant
382,Laotian restaurant
383,Laser tag center
384,Latin American restaurant
385,Laundromat
386,Laundry
387,Laundry service
388,Liquor store
389,Live music bar
390,Live music venue
391,Lodge
392,Lodging
393,Lounge
394,Lumber store
395,Lunch restaurant
396,Machine shop
397,Magic store
398,Magician
399,Mailing service
400,Mandarin restaurant
401,Manufacturer
402,Marina
403,Market
404,Massage spa
405,Massage therapist
406,Meal delivery
407,Meat dish restaurant
408,Meat processor
409,Meat products
410,Mechanic
411,Medical supply store
412,Mediterranean restaurant
413,Meeting planning service
414,Meeting room
415,Men's clothing store
416,Mexican goods store
417,Mexican grocery store
418,Mexican restaurant
419,Mexican torta restaurant
420,Middle Eastern restaurant
421,Military base
422,Miniature golf course
423,Mobile caterer
424,Modern French restaurant
425,Modern Indian restaurant
426,Money order service
427,Money transfer service
428,Mongolian barbecue restaurant
429,Moroccan restaurant
430,Motel
431,Movie theater
432,Museum
433,Nail salon
434,National forest
435,National park
436,Native American restaurant
437,Native american goods store
438,Natural goods store
439,Natural history museum
440,Nepalese restaurant
441,New American restaurant
442,Night club
443,Non-profit organization
444,Noodle shop
445,North Eastern Indian restaurant
446,Novelty store
447,Nut store
448,Observatory
449,Off roading area
450,Office space rental agency
451,Office supply store
452,Olive oil bottling company
453,Organic food store
454,Organic restaurant
455,Organic shop
456,Outdoor clothing and equipment shop
457,Outdoor movie theater
458,Outdoor sports store
459,Oyster bar restaurant
460,Oyster supplier
461,Pacific Northwest restaurant (US)
462,Pacific Rim restaurant
463,Packaging supply store
464,Painting studio
465,Pakistani restaurant
466,Pan-Asian restaurant
467,Pancake restaurant
468,Park & ride
469,Parking garage
470,Parking lot
471,Party equipment rental service
472,Party planner
473,Party store
474,Pasta shop
475,Pastry shop
476,Patio enclosure supplier
477,Patisserie
478,Performing arts theater
479,Persian restaurant
480,Personal trainer
481,Peruvian restaurant
482,Pet adoption service
483,Pet groomer
484,Pet store
485,Pharmacy
486,Pho restaurant
487,Physical fitness program
488,Piano bar
489,Picnic ground
490,Pie shop
491,Pilates studio
492,Pinatas supplier
493,Pipe supplier
494,Pizza Takeout
495,Pizza delivery
496,Pizza restaurant
497,Pizza takeaway
498,Playground
499,Polish restaurant
500,Polynesian restaurant
501,Pool billard club
502,Pool hall
503,Popcorn store
504,Post office
505,Poster store
506,Pretzel store
507,Print shop
508,Produce market
509,Produce wholesaler
510,Propane supplier
511,Pub
512,Public bathroom
513,Public golf course
514,Puerto Rican restaurant
515,Quilt shop
516,RV park
517,Raft trip outfitter
518,Ramen restaurant
519,Ranch
520,Raw food restaurant
521,Real estate developer
522,Record store
523,Recreation
524,Recreation center
525,Religious organization
526,Rental
527,Resort hotel
528,Restaurant
529,Restaurant or cafe
530,Restaurant supply store
531,Retreat center
532,Rice restaurant
533,Roller skating rink
534,Russian restaurant
535,Salad shop
536,Salvadoran restaurant
537,Sandwich shop
538,Scandinavian restaurant
539,Scenic spot
540,School supply store
541,Seafood
542,Seafood market
543,Seafood restaurant
544,Self defense school
545,Self service restaurant
546,Self-catering accommodation
547,Service establishment
548,Shabu-shabu restaurant
549,Shanghainese restaurant
550,Shared-use commercial kitchen
551,Shipping and mailing service
552,Shoe shining service
553,Shoe store
554,Shooting range
555,Shopping mall
556,Sichuan restaurant
557,Siding contractor
558,Sightseeing tour agency
559,Singaporean restaurant
560,Ski rental service
561,Ski resort
562,Ski school
563,Ski shop
564,Small appliance repair service
565,Small plates restaurant
566,Snack bar
567,Snowboard rental service
568,Snowmobile rental service
569,Soba noodle shop
570,Social club
571,Soft drinks shop
572,Soul food restaurant
573,Soup kitchen
574,Soup restaurant
575,Soup shop
576,South American restaurant
577,South Asian restaurant
578,Southeast Asian restaurant
579,Southern Italian restaurant
580,Southern restaurant (US)
581,Southwestern restaurant (US)
582,Souvenir store
583,Spa
584,Spanish restaurant
585,Spice store
586,Sporting goods store
587,Sports bar
588,Sports complex
589,Sports nutrition store
590,Sri Lankan restaurant
591,Stage
592,State liquor store
593,Steak house
594,Storage facility
595,Store
596,Studying center
597,Stylist
598,Sundae restaurant
599,Sunroom contractor
600,Supermarket
601,Sushi restaurant
602,Sushi takeaway
603,Swedish restaurant
604,Sweets and dessert buffet
605,Swimming pool contractor
606,T-shirt store
607,Taco restaurant
608,Taiwanese restaurant
609,Takeout Restaurant
610,Takeout restaurant
611,Tapas bar
612,Tapas restaurant
613,Tea house
614,Tea store
615,Tempura restaurant
616,Tent rental service
617,Teppanyaki restaurant
618,Tex-Mex restaurant
619,Thai restaurant
620,Tibetan restaurant
621,Tire shop
622,Tobacco shop
623,Tobacco supplier
624,Tofu restaurant
625,Tour operator
626,Tourist attraction
627,Tourist information center
628,Toy store
629,Traditional American restaurant
630,Training centre
631,Truck repair shop
632,Truck stop
633,Udon noodle restaurant
634,University
635,University department
636,Used bicycle shop
637,Used book store
638,Vaporizer store
639,Variety store
640,Vegan restaurant
641,Vegetarian cafe and deli
642,Vegetarian restaurant
643,Vending machine supplier
644,Venezuelan restaurant
645,Veterinarian
646,Video arcade
647,Video game rental kiosk
648,Video game rental service
649,Video game rental store
650,Video game store
651,Video production service
652,Vietnamese restaurant
653,Vineyard
654,Vitamin & supplements store
655,Volunteer organization
656,Warehouse store
657,Water skiing service
658,Waxing hair removal service
659,Wedding bakery
660,Wedding buffet
661,Wedding chapel
662,Wedding photographer
663,Wedding planner
664,Wedding service
665,Wedding store
666,Wedding venue
667,Weight loss service
668,Wellness center
669,Wellness hotel
670,Wellness program
671,Western apparel store
672,Western restaurant
673,Wholesale bakery
674,Wholesaler
675,Wi-Fi spot
676,Window installation service
677,Window supplier
678,Wine bar
679,Wine store
680,Winery
681,Women's clothing store
682,Yakiniku restaurant
683,Yoga retreat center
684,Yoga studio
685,Zoo
