gmap_id,SLCHD_establishment_keys,meta_name,slchd_name,meta_address,slchd_address,name_sim,name_jac,addr_sim,dist_m,score,match_method,meta_lat,meta_lon,slchd_lat,slchd_lon
0x87528aef4b4cf99f:0xe5f0a2b836260d91,TOWN & COUNTRY MARKET|2840 S MAIN ST|SOUTH SALT LAKE,Town & Country Market,TOWN & COUNTRY MARKET,"Town & Country Market, 2840 S Main St, South Salt Lake, UT 84115","2840 S MAIN ST, SOUTH SALT LAKE, UT 84115",1.0,1.0,1.0,15.892877999640376,0.9894047480002397,geo,40.709444399999995,-111.8913889,40.709445836183,-111.891200356713
0x87528b1bcf77198f:0xfad9c11dc4f7963d,NAVAJO HOGAN|447 E 3300 S|SOUTH SALT LAKE,Navajo Hogan,NAVAJO HOGAN,"Navajo Hogan, 447 E 3300 S, South Salt Lake, UT 84115","447 E 3300 S, SOUTH SALT LAKE, UT 84115",1.0,1.0,1.0,18.883075992296597,0.9874112826718022,geo,40.700084,-111.8784008,40.699914264317,-111.878393759749
0x87528a0c5743b6cf:0x4391e502cef85f35,STELLA GRILL|4291 S 900 E|MILLCREEK TS,Stella Grill,STELLA GRILL,"Stella Grill, 4291 S 900 E, Millcreek, UT 84124","4291 S 900 E, MILLCREEK TS, UT 84124",1.0,1.0,1.0,19.987356073670856,0.986675095950886,geo,40.6782156,-111.8652192,40.678252996028,-111.865451032472
0x8752f5105ca66f13:0x912951781e127bfb,APOLLO BURGER|379 S MAIN ST|SALT LAKE CITY,Apollo Burger,APOLLO BURGER,"Apollo Burger, 379 S Main St, Salt Lake City, UT 84111","379 S MAIN ST, SALT LAKE CITY, UT 84111",1.0,1.0,1.0,20.1783629842782,0.9865477580104811,geo,40.760847299999995,-111.8908449,40.760976512065,-111.891013120039
0x8752601e1924edcb:0xc047cdc22ae5c05d,CHICK FIL A|1206 E 2100 S|SALT LAKE CITY,Chick-fil-A,CHICK FIL A,"Chick-fil-A, 1206 E 2100 S, Salt Lake City, UT 84106","1206 E 2100 S, SALT LAKE CITY, UT 84106",1.0,1.0,1.0,21.081059899912837,0.9859459600667246,geo,40.7252115,-111.8566208,40.725359668363,-111.856464731591
0x8752f51f692b4659:0xfef2ac50a16c0f0,FISHER BREWING COMPANY - DOG PATIO|320 W 800 S|SALT LAKE CITY,Fisher Brewing Company,FISHER BREWING COMPANY - DOG PATIO,"Fisher Brewing Company, 320 W 800 S, Salt Lake City, UT 84101","320 W 800 S, SALT LAKE CITY, UT 84101",1.0,1.0,1.0,21.19985688238991,0.9858667620784066,geo,40.752157,-111.9004478,40.752006260207,-111.900293704238
0x8752f55a5c49d8a5:0x4210bb42daae3a21,COFFEE GARDEN|878 E 900 S|SALT LAKE CITY,Coffee Garden,COFFEE GARDEN,"Coffee Garden, 878 E 900 S, Salt Lake City, UT 84105","878 E 900 S, SALT LAKE CITY, UT 84105",1.0,1.0,1.0,22.38661064265464,0.9850755929048969,geo,40.7495455,-111.8658347,40.749731666379,-111.865935876047
0x875260425b86e507:0xe6bbfb33e116d6fe,LITTLE CAESARS PIZZA|2301 E 2100 S|SALT LAKE CITY,Little Caesars Pizza,LITTLE CAESARS PIZZA,"Little Caesars Pizza, 2301 E 2100 S, Salt Lake City, UT 84109","2301 E 2100 S, SALT LAKE CITY, UT 84109",1.0,1.0,1.0,23.137558162332756,0.9845749612251115,geo,40.726044,-111.82465,40.725856778159,-111.824769822153
0x8752f50dd93f0431:0x94c50005b9542f70,TAQUERIA 27 DOWNTOWN - DOG PATIO|149 E 200 S|SALT LAKE CITY,Taqueria 27 Downtown,TAQUERIA 27 DOWNTOWN - DOG PATIO,"Taqueria 27 Downtown, 149 E 200 S, Salt Lake City, UT 84111","149 E 200 S, SALT LAKE CITY, UT 84111",1.0,1.0,1.0,24.465891256737255,0.9836894058288418,geo,40.7652726,-111.8863843,40.765056257668,-111.886437242959
0x8752f50f4b8c7ddb:0x8dd93636a50d2cae,SUBWAY|18 W 100 S|SALT LAKE CITY,Subway,SUBWAY,"Subway, 18 W 100 S, Salt Lake City, UT 84101","18 W 100 S, SALT LAKE CITY, UT 84101",1.0,1.0,1.0,25.999575901792554,0.982666949398805,geo,40.767452,-111.8917332,40.76723425783,-111.891620697245
0x8752f504ef4f3029:0x8efd2f14c0a6ffc1,ZEST KITCHEN & BAR/DOG PATIO|275 S 200 W|SALT LAKE CITY,Zest Kitchen & Bar,ZEST KITCHEN & BAR/DOG PATIO,"Zest Kitchen & Bar, 275 S 200 W, Salt Lake City, UT 84101","275 S 200 W, SALT LAKE CITY, UT 84101",1.0,1.0,1.0,26.234037845189146,0.9825106414365405,geo,40.763268,-111.896446,40.763351929512,-111.896737115782
0x8752f50f1636aaab:0xde7ba2f1ca0f9bc4,TIN ANGEL AT THE ECCLES THEATER|131 S MAIN ST|SALT LAKE CITY,Tin Angel at the Eccles Theater,TIN ANGEL AT THE ECCLES THEATER,"Tin Angel at the Eccles Theater, 131 S Main St, Salt Lake City, UT 84111","131 S MAIN ST, SALT LAKE CITY, UT 84111",1.0,1.0,1.0,26.42641004678934,0.9823823933021404,geo,40.7662965,-111.8908318,40.766488010774,-111.891017613054
0x8752f5551c58e951:0xf4aff47160bddce4,HUB & SPOKE DINER/DOG PATIO|1291 S 1100 E|SALT LAKE CITY,Hub and Spoke Diner,HUB & SPOKE DINER/DOG PATIO,"Hub and Spoke Diner, 1291 S 1100 E, Salt Lake City, UT 84105","1291 S 1100 E, SALT LAKE CITY, UT 84105",1.0,1.0,1.0,27.400502680664033,0.9817329982128906,geo,40.7417492,-111.8592042,40.741769416368,-111.859528340547
0x875260191232bdd3:0xbe32d1825e3fd8e5,BASKIN ROBBINS|1465 E 2100 S|SALT LAKE CITY,Baskin-Robbins,BASKIN ROBBINS,"Baskin-Robbins, 1465 E 2100 S, Salt Lake City, UT 84105","1465 E 2100 S, SALT LAKE CITY, UT 84105",1.0,1.0,1.0,28.913155874532013,0.980724562750312,geo,40.7261477,-111.8488999,40.725904074283,-111.849019812168
0x8752f569300ab7a9:0x1e21f25f4fb30532,IHOP RESTAURANT|635 E 400 S|SALT LAKE CITY,IHOP,IHOP RESTAURANT,"IHOP, 635 E 400 S, Salt Lake City, UT 84102","635 E 400 S, SALT LAKE CITY, UT 84102",1.0,1.0,1.0,30.484190853385524,0.9796772060977429,geo,40.7609618,-111.8727416,40.760715930058,-111.872901706316
0x875261eac67710ad:0x62d86f7118b5decf,BRICKYARD BAR DOG PATIO|3000 S HIGHLAND DR|MILLCREEK,The Brickyard Bar,BRICKYARD BAR DOG PATIO,"The Brickyard Bar, 3000 S Highland Dr, Salt Lake City, UT 84106","3000 S HIGHLAND DR, MILLCREEK, UT 84106",1.0,1.0,1.0,31.191431465708973,0.9792057123561939,geo,40.7061891,-111.8534567,40.706212751593,-111.853087981146
0x87528b9cbd96b67d:0xd6913de11d8be13,LITTLE CAESARS PIZZA|4124 S REDWOOD RD|TAYLORSVILLE,Little Caesars Pizza,LITTLE CAESARS PIZZA,"Little Caesars Pizza, 4124 S Redwood Rd, Taylorsville, UT 84123","4124 S REDWOOD RD, TAYLORSVILLE, UT 84123",1.0,1.0,1.0,31.44174159150051,0.9790388389389996,geo,40.681614,-111.93934,40.681584538818,-111.938969161038
0x8752f5413ef14ea5:0xc5e3b2c2dfc2bfb7,BAGEL PROJECT|779 S 500 E|SALT LAKE CITY,The Bagel Project,BAGEL PROJECT,"The Bagel Project, 779 S 500 E, Salt Lake City, UT 84102","779 S 500 E, SALT LAKE CITY, UT 84102",1.0,1.0,1.0,31.699474231774854,0.9788670171788167,geo,40.752162,-111.87642,40.752353618539,-111.876698633712
0x87528e9fc25e1845:0x853357620a1a648c,STARBUCKS|6223 S DIXIE DR|WEST JORDAN,Starbucks,STARBUCKS,"Starbucks, 6223 S Dixie Dr, West Jordan, UT 84084","6223 S DIXIE DR, WEST JORDAN, UT 84084",1.0,1.0,1.0,34.12468898659447,0.9772502073422703,geo,40.638252099999995,-111.9778944,40.638015054888,-111.978151258677
0x8752f5dcf3e361e9:0x3457bd45a2234b0d,VESSEL KITCHEN DOG PATIO|905 E 900 S|SALT LAKE CITY,Vessel Kitchen,VESSEL KITCHEN DOG PATIO,"Vessel Kitchen, 905 E 900 S, Salt Lake City, UT 84105, United States","905 E 900 S, SALT LAKE CITY, UT 84105",1.0,1.0,1.0,35.64192108549267,0.9762387192763381,geo,40.7500638,-111.8648002,40.749846257699,-111.865110946766
0x8752f591fc27068b:0xf46853168a7ad146,HANDLEBAR - DOG PATIO|751 N 300 W|SALT LAKE CITY,HandleBar,HANDLEBAR - DOG PATIO,"HandleBar, 751 N 300 W, Salt Lake City, UT 84111, United States","751 N 300 W, SALT LAKE CITY, UT 84103",1.0,1.0,1.0,35.91406514364289,0.976057289904238,geo,40.7858243,-111.9001839,40.785792256397,-111.899759431202
0x8752f5688be55555:0x7deda6a48a1ff2d6,CHIPOTLE MEXICAN GRILL|734 E 400 S|SALT LAKE CITY,Chipotle Mexican Grill,CHIPOTLE MEXICAN GRILL,"Chipotle Mexican Grill, 734 E 400 S, Salt Lake City, UT 84102","734 E 400 S, SALT LAKE CITY, UT 84102",1.0,1.0,1.0,36.617789481827735,0.975588140345448,geo,40.7602682,-111.8700658,40.760596979206,-111.870041085862
0x875261092ed85e51:0xa2ddd82cb2b77113,FIVE GUYS|3167 E 3300 S|SALT LAKE CITY,Five Guys,FIVE GUYS,"Five Guys, 3167 E 3300 S, Salt Lake City, UT 84109","3167 E 3300 S, SALT LAKE CITY, UT 84109",1.0,1.0,1.0,36.91128689192802,0.9753924754053812,geo,40.700221899999995,-111.8038599,40.699896258502,-111.803774935722
0x8752f502d4955f25:0x2ef8f24551648c89,TIN ANGEL AT THE ECCLES THEATER|131 S MAIN ST|SALT LAKE CITY,Tin Angel at the Eccles Theater,TIN ANGEL AT THE ECCLES THEATER,"Tin Angel at the Eccles Theater, 131 S Main St, Salt Lake City, UT 84111","131 S MAIN ST, SALT LAKE CITY, UT 84111",1.0,1.0,1.0,36.962026686648116,0.9753586488755679,geo,40.7663764,-111.8906042,40.766488010774,-111.891017613054
0x8752f53b13b95555:0x94cec18382378f12,SLC EATERY|1017 S MAIN ST|SALT LAKE CITY,SLC Eatery,SLC EATERY,"SLC Eatery, 1017 S Main St, Salt Lake City, UT 84111","1017 S MAIN ST, SALT LAKE CITY, UT 84111",1.0,1.0,1.0,37.3938080411222,0.9750707946392518,geo,40.7468933,-111.8906507,40.746685436843,-111.890999638478
0x8752f50363c3fa6f:0xb78d6d10e70ac220,ROOTS COFFEE & CO|774 S 300 W|SALT LAKE CITY,Roots Coffee & Co.,ROOTS COFFEE & CO,"Roots Coffee & Co., 774 S 300 W, Salt Lake City, UT 84101","774 S 300 W, SALT LAKE CITY, UT 84101",1.0,1.0,1.0,37.97256801430526,0.9746849546571298,geo,40.752289399999995,-111.9001526,40.752429350747,-111.899741398035
0x87528d752dfbe75d:0xf6cda477b56241c9,AB'S DRIVE IN|4591 S 5600 W|WEST VALLEY CITY,Ab's Drive-In,AB'S DRIVE IN,"Ab's Drive-In, 4591 S 5600 W, West Valley City, UT 84120","4591 S 5600 W, WEST VALLEY CITY, UT 84120",1.0,1.0,1.0,39.899628490644645,0.9734002476729035,geo,40.670424,-112.024233,40.670639131741,-112.024611635593
0x8752627fb878b6c5:0x16bb4a49a9437de1,NOODLES & COMPANY|6901 S 1300 E|MIDVALE,Noodles and Company,NOODLES & COMPANY,"Noodles and Company, 6901 S 1300 E, Midvale, UT 84047","6901 S 1300 E, MIDVALE, UT 84047",1.0,1.0,1.0,40.642248314811745,0.9729051677901254,geo,40.6256822,-111.8544982,40.626002837095,-111.854729376367
0x875289607798bc43:0xd6795328c6f3d4fb,VESSEL KITCHEN|1146 E FORT UNION BLVD|MIDVALE,Vessel Kitchen,VESSEL KITCHEN,"Vessel Kitchen, 1146 E Fort Union Blvd, Midvale, UT 84047","1146 E FORT UNION BLVD, MIDVALE, UT 84047",1.0,1.0,1.0,40.856575076724326,0.9727622832821837,geo,40.6240281,-111.8601902,40.624325218603,-111.860475002135
0x8752f524f241857f:0x95ffbd1230399519,GOLDEN GYROS|259 W 900 S|SALT LAKE CITY,Golden Gyros,GOLDEN GYROS,"Golden Gyros, 259 W 900 S, Salt Lake City, UT 84101","259 W 900 S, SALT LAKE CITY, UT 84101",1.0,1.0,1.0,40.989828105406005,0.9726734479297292,geo,40.7494823,-111.898895,40.749713668927,-111.898516185013
0x8752635cff9aed71:0x379492c7774fe10f,MY PIE PIZZA|4655 S 2300 E|HOLLADAY,My Pie Pizza,MY PIE PIZZA,"My Pie Pizza, 4655 S 2300 E #101, Holladay, UT 84117","4655 S 2300 E, HOLLADAY, UT 84117",1.0,1.0,0.9090909090909091,14.951311829800387,0.9718506405983149,geo,40.6694987,-111.8243611,40.669393931814,-111.82447221748
0x87528f6de6509329:0xc9fec531cbc282b8,BAD ASS COFFEE OF HAWAII|7794 S GARDNER STOP WY|WEST JORDAN,Bad Ass Coffee of Hawaii,BAD ASS COFFEE OF HAWAII,"Bad Ass Coffee of Hawaii, 7794 South Gardner Stop Way, Ste.1, West Jordan, UT 84088","7794 S GARDNER STOP WY, WEST JORDAN, UT 84084",1.0,1.0,0.9811320754716981,37.77565435879279,0.971042645521811,geo,40.609317999999995,-111.927376,40.608996752099,-111.92723043175
0x87526029754e89c9:0x2bb8243903aa40cc,SUBWAY|2885 S HIGHLAND DR|SALT LAKE CITY,Subway,SUBWAY,"Subway, 2885 S Highland Dr, Salt Lake City, UT 84106","2885 S HIGHLAND DR, SALT LAKE CITY, UT 84106",1.0,1.0,1.0,44.17486233275197,0.9705500917781653,geo,40.7083869,-111.853405,40.708628884861,-111.853820640991
0x8752f53db6626f03:0x33dd97535d182238,TACO TIME|810 S STATE ST|SALT LAKE CITY,Taco Time,TACO TIME,"Taco Time, 810 S State St, Salt Lake City, UT 84111","810 S STATE ST, SALT LAKE CITY, UT 84111",1.0,1.0,1.0,45.24437193645346,0.9698370853756976,geo,40.7514575,-111.8887262,40.751698466677,-111.888293399686
0x87528aa0b0c851bd:0xc5d0410c9b53ae1,NOODLES & COMPANY|1152 E 2100 S|SALT LAKE CITY,Noodles and Company,NOODLES & COMPANY,"Noodles and Company, 1152 E 2100 S, Salt Lake City, UT 84106","1152 E 2100 S, SALT LAKE CITY, UT 84106",1.0,1.0,1.0,45.58826998322451,0.9696078200111836,geo,40.725228099999995,-111.8579569,40.72535966844,-111.857444525865
0x8752601ebc78f39d:0x2d4396deb77610d1,DODO RESTAURANT|1355 E 2100 S|SALT LAKE CITY,The Dodo Restaurant,DODO RESTAURANT,"The Dodo Restaurant, 1355 E 2100 S, Salt Lake City, UT 84105","1355 E 2100 S, SALT LAKE CITY, UT 84105",1.0,1.0,1.0,46.19135166846618,0.9692057655543558,geo,40.7261306,-111.8520806,40.725725837337,-111.85220390237
0x87528aa6ac400001:0x1bdfac699bb05de9,MOD PIZZA|1010 E 2100 S|SALT LAKE CITY,MOD Pizza,MOD PIZZA,"MOD Pizza, 1010 E 2100 S C, Salt Lake City, UT 84106","1010 E 2100 S, SALT LAKE CITY, UT 84106",1.0,1.0,0.9523809523809523,32.71784432464414,0.968664294259761,geo,40.72517,-111.86242,40.725359668805,-111.862123173277
0x875289fb88e4c227:0xb7d79eb08391358b,SAGATO BAKERY & CAFE|44 W 7200 S|MIDVALE,Sagato Bakery & Cafe,SAGATO BAKERY & CAFE,"Sagato Bakery & Cafe, 44 W 7200 S, Midvale, UT 84047","44 W 7200 S, MIDVALE, UT 84047",1.0,1.0,1.0,49.0331756740368,0.9673112162173088,geo,40.6211146,-111.8924398,40.62070304252,-111.892231193314
0x8752f51c1f7cc915:0x9bcac48d664c2248,SUBWAY|311 W 600 S|SALT LAKE CITY,Subway,SUBWAY,"Subway, 311 W 600 S, Salt Lake City, UT 84101","311 W 600 S, SALT LAKE CITY, UT 84101",1.0,1.0,1.0,50.87527268977038,0.966083151540153,geo,40.7558102,-111.9001582,40.756238668311,-111.899946356946
0x8752f53ce4896ed5:0xfdec02c9038d7ade,PROPER BURGER COMPANY - DOG PATIO|865 S MAIN ST|SALT LAKE CITY,Proper Burger Company,PROPER BURGER COMPANY - DOG PATIO,"Proper Burger Company, 865 S Main St, Salt Lake City, UT 84111","865 S MAIN ST, SALT LAKE CITY, UT 84111",1.0,1.0,1.0,50.923442395403946,0.9660510384030639,geo,40.7507258,-111.8904492,40.750544136098,-111.891004132531
0x8752868563321415:0xcec82141213df78e,LITTLE CAESARS PIZZA|1822 W 12600 S|RIVERTON,Little Caesars Pizza,LITTLE CAESARS PIZZA,"Little Caesars Pizza, 1836 W 12600 S, Riverton, UT 84065","1822 W 12600 S, RIVERTON, UT 84065",1.0,1.0,0.9047619047619048,23.420303420534932,0.965338845338691,geo,40.522569999999995,-111.94092,40.522367286242,-111.940995221709
0x8752876b2571906f:0x3902b74c70a4af1f,CHICK FIL A|357 E 12300 S|DRAPER,Chick-fil-A,CHICK FIL A,"Chick-fil-A, 357 E 12300 S, Draper, UT 84020","357 E 12300 S, DRAPER, UT 84020",1.0,1.0,1.0,52.118795191996114,0.9652541365386692,geo,40.527175799999995,-111.8808076,40.5267987648,-111.880441256323
0x8752602bc5f6f26d:0xb26cafd00c980cab,BONGO LOUNGE|2965 S HIGHLAND DR|SALT LAKE CITY,Bongo Lounge,BONGO LOUNGE,"Bongo Lounge, 2965 Highland Dr, Salt Lake City, UT 84106","2965 S HIGHLAND DR, SALT LAKE CITY, UT 84106",1.0,1.0,0.8636363636363636,11.424616377613054,0.965110861808864,geo,40.706545,-111.852914,40.706532514452,-111.853048531048
0x8752621e3b102a2b:0x4c251e30b7f849f5,HONEY BAKED HAM COMPANY|1915 E MURRAY HOLLADAY RD|HOLLADAY,The Honey Baked Ham Company,HONEY BAKED HAM COMPANY,"The Honey Baked Ham Company, 1915 E Murray Holladay Rd, Salt Lake City, UT 84117","1915 E MURRAY HOLLADAY RD, HOLLADAY, UT 84117",1.0,1.0,1.0,54.91487042006768,0.9633900863866215,geo,40.6662408,-111.8369464,40.665921264856,-111.83644996176
0x875287b80273212d:0xea3f6fc309457a70,LEE SUSHI|71 W 10600 S|SANDY,Lee Sushi,LEE SUSHI,"Lee Sushi, 71 W 10600 S, Sandy, UT 84070","71 W 10600 S, SANDY, UT 84070",1.0,1.0,1.0,62.18272657932631,0.9585448489471157,geo,40.5583239,-111.8927873,40.558857727717,-111.893006594734
0x87526280157e7ab9:0x5d02227259db01f9,PANDA EXPRESS|6927 S PARK CENTRE DR|COTTONWOOD HEIGHTS,Panda Express,PANDA EXPRESS,"Panda Express, 6927 Park Centre Dr, Salt Lake City, UT 84121","6927 S PARK CENTRE DR, COTTONWOOD HEIGHTS, UT 84121",1.0,1.0,0.88,26.48853419352191,0.9583409772043188,geo,40.6252473,-111.8505747,40.625341548287,-111.850862953687
0x87528868b8dc6421:0x409d1bbb1f914fbe,INDIA HOUSE|8660 S STATE ST|SANDY,India House,INDIA HOUSE,"India House, 8660 State St, Sandy, UT 84070","8660 S STATE ST, SANDY, UT 84070",1.0,1.0,0.85,19.304760059978605,0.9571301599600143,geo,40.594259,-111.891116,40.594182280121,-111.890910899178
0x8752882d52822735:0x80f319c8ae59dd26,SONIC DRIVE IN|849 E FORT UNION BLVD|MIDVALE,Sonic Drive-In,SONIC DRIVE IN,"Sonic Drive-In, 849 Fort Union Blvd, Midvale, UT 84047","849 E FORT UNION BLVD, MIDVALE, UT 84047",1.0,1.0,0.9056603773584906,36.33457546378213,0.95690902516251,geo,40.622470199999995,-111.8675482,40.622184518717,-111.867339214946
0x875289d4b4f73f89:0x7c191ee393f7ae4b,CHICK FIL A|1088 E FORT UNION BLVD|MIDVALE,Chick-fil-A,CHICK FIL A,"Chick-fil-A, 1088 Fort Union Blvd, Midvale, UT 84047","1088 E FORT UNION BLVD, MIDVALE, UT 84047",1.0,1.0,0.9090909090909091,40.09174488625952,0.9550903518940088,geo,40.6233121,-111.8614456,40.623577078969,-111.861767745442
0x87528bd5912d03ff:0x1642a552b7bebf63,SUBWAY|625 W 5300 S|MURRAY,Subway,SUBWAY,"Subway, 625 W 5300 S Unit A, Murray, UT 84123","625 W 5300 S, MURRAY, UT 84123",1.0,1.0,0.8444444444444444,20.705576564880072,0.9550851711789687,geo,40.6537774,-111.9083535,40.653953021538,-111.908271913724
0x875289dd80c46dab:0xbe387f96bdfe9566,GARDEN ESPRESSO|917 E VINE ST|MURRAY,Garden Espresso,GARDEN ESPRESSO,"Garden Espresso, 917 Vine St, Salt Lake City, UT 84121","917 E VINE ST, MURRAY, UT 84121",1.0,1.0,0.8571428571428571,24.830193034481574,0.9548751094055837,geo,40.642253,-111.865354,40.64204997311,-111.865476530875
0x8752f32333215bdd:0xfc47632b72a19285,BURGER KING|4025 W 1820 S|SALT LAKE CITY,Burger King,BURGER KING,"Burger King, 4025 W 1820 S, Salt Lake City, UT 84104","4025 W 1820 S, SALT LAKE CITY, UT 84104",1.0,1.0,1.0,68.73299917582304,0.9541780005494512,geo,40.730224199999995,-111.9879286,40.730822678007,-111.987724548602
0x8752861a5598a809:0x2bf79ddef1ada513,DEL TACO|1651 W SOUTH JORDAN PKWY|SOUTH JORDAN,Del Taco,DEL TACO,"Del Taco, 1651 S Jordan Pkwy, South Jordan, UT 84095","1651 W SOUTH JORDAN PKWY, SOUTH JORDAN, UT 84095",1.0,1.0,0.9090909090909091,41.64546130884563,0.954054540945618,geo,40.561944,-111.937222,40.562306692918,-111.937344946469
0x875285b3599c624f:0x5ef930c3662d1b3,FIVE GUYS|12570 S RHETSKI LN|RIVERTON,Five Guys,FIVE GUYS,"Five Guys, 12570 S Rhetski Ln Suite 103, Riverton, UT 84065","12570 S RHETSKI LN, RIVERTON, UT 84065",1.0,1.0,0.8275862068965517,18.333894421494865,0.9532946450983137,geo,40.522552999999995,-111.9822748,40.5227044,-111.9823607
0x8752f554dfb14507:0x51c1bc9ad18c7776,TEA ZAANTI DOG PATIO|1944 S 1100 E|SALT LAKE CITY,Tea Zaanti,TEA ZAANTI DOG PATIO,"Tea Zaanti, 1944 1100 E, Salt Lake City, UT 84106","1944 S 1100 E, SALT LAKE CITY, UT 84106",1.0,1.0,0.8235294117647058,17.56963715403484,0.9529927909169179,geo,40.727937999999995,-111.8598893,40.727918552065,-111.859682381636
0x875261d3e4d083a5:0x7287d6f40d42e31f,TABLE X|1457 E 3350 S|MILLCREEK TS,Table X,TABLE X,"Table X, 1457 E 3350 S, Salt Lake City, UT 84106","1457 E 3350 S, MILLCREEK TS, UT 84106",1.0,1.0,1.0,71.72723910682588,0.9521818405954493,geo,40.6990102,-111.8498554,40.698816262152,-111.849043928668
0x8752884e74fdb42b:0x83afe180155b1451,CHEERS TO YOU MIDVALE|7642 S STATE ST|MIDVALE,Cheers To You Midvale,CHEERS TO YOU MIDVALE,"Cheers To You Midvale, 7642 State St, Midvale, UT 84047","7642 S STATE ST, MIDVALE, UT 84047",1.0,1.0,0.85,26.782581878063667,0.9521449454146242,geo,40.6126556,-111.8911209,40.61268002205,-111.890805247827
0x8752f322c2cf122d:0x9841c5dbc474f881,QUIZNOS|1775 S 4130 W|SALT LAKE CITY,Quiznos,QUIZNOS,"Quiznos, 1775 S 4130 W Ste D, Salt Lake City, UT 84104","1775 S 4130 W, SALT LAKE CITY, UT 84104",1.0,1.0,0.8695652173913043,33.47611655162359,0.951595632443845,geo,40.7316471,-111.9894656,40.731386107399,-111.989663630268
0x87528a3ab929f967:0xac9f3e4abc0aabf1,ICE HAUS - DOG PATIO|7 W 4800 S|MURRAY,Ice Haus,ICE HAUS - DOG PATIO,"Ice Haus, 7 E 4800 S, Murray, UT 84107","7 W 4800 S, MURRAY, UT 84107",1.0,1.0,0.9411764705882353,55.201622794364425,0.9514342122547373,geo,40.667156899999995,-111.8912137,40.66678767766,-111.891651208835
0x87528eefbe5f0213:0xd0bd1254e55ac5b1,IN N OUT BURGER|7785 S JORDAN LANDING BLVD|WEST JORDAN,In-N-Out Burger,IN N OUT BURGER,"In-N-Out Burger, 7785 Jordan Landing Blvd, West Jordan, UT 84084","7785 S JORDAN LANDING BLVD, WEST JORDAN, UT 84084",1.0,1.0,0.90625,46.03772077944016,0.9505581861470399,geo,40.609784,-111.985882,40.609515694166,-111.98629736077
0x87528d4c77ad88c5:0xfc24747515b7cb24,VILLAGE INN RESTAURANT|4834 W 3500 S|WEST VALLEY CITY,Village Inn,VILLAGE INN RESTAURANT,"Village Inn, 4824 W 3500 S, West Valley City, UT 84120","4834 W 3500 S, WEST VALLEY CITY, UT 84120",1.0,1.0,0.95,59.35895222619956,0.9504273651825336,geo,40.697023,-112.006333,40.696629274704,-112.006808472745
0x875289e4e2fe8095:0xf1248d82778fea57,SWIG|5575 S 900 E|MURRAY,Swig,SWIG,"Swig, 5575 900 E, Salt Lake City, UT 84117","5575 S 900 E, MURRAY, UT 84107",1.0,1.0,0.8125,18.247984487699675,0.9503346770082002,geo,40.6500426,-111.8656385,40.650101742982,-111.86584026591
0x87528b6179f241cf:0x666b30d6c1d79d57,LA YAQUESITA #|4848 S REDWOOD RD|TAYLORSVILLE,La Yaquesita,LA YAQUESITA #,"La Yaquesita, 4848 S Redwood Rd, Taylorsville, UT 84123","4848 S REDWOOD RD, TAYLORSVILLE, UT 84123",1.0,1.0,1.0,74.8829019736118,0.9500780653509254,geo,40.6642228,-111.9395941,40.663791845057,-111.938911883909
0x87528abb2f8a4427:0xc51a6b83d741ae3,PIZZA HUT|731 E 2100 S|SALT LAKE CITY,Pizza Hut,PIZZA HUT,"Pizza Hut, 753 E 2100 S, Salt Lake City, UT 84106","731 E 2100 S, SALT LAKE CITY, UT 84106",1.0,1.0,0.9473684210526315,61.02567132012301,0.9487899033304443,geo,40.7256358,-111.8695658,40.725481950382,-111.870260945735
0x875287112eb7ef65:0xf9c4d401ecd8a2d,CAFE RIO MEXICAN GRILL|12362 S MINUTEMAN DR|DRAPER,Cafe Rio Mexican Grill,CAFE RIO MEXICAN GRILL,"Cafe Rio Mexican Grill, 12362 Minuteman Dr, Draper, UT 84020","12362 S MINUTEMAN DR, DRAPER, UT 84020",1.0,1.0,0.875,39.84771947150088,0.948434853685666,geo,40.5257882,-111.8889913,40.525973969248,-111.888588137157
0x8752601fd4c49445:0xa75a2facfaf309b2,TEA BAR|1201 E WILMINGTON AVE|SALT LAKE CITY,Tea Bar,TEA BAR,"Tea Bar, 1201 Wilmington Ave #109, Salt Lake City, UT 84106","1201 E WILMINGTON AVE, SALT LAKE CITY, UT 84106",1.0,1.0,0.8301886792452831,28.40729197241914,0.9470995412007771,geo,40.723549299999995,-111.8565422,40.723341453112,-111.856346194003
0x875287a60b6d2b57:0x8b3057c668143272,HABIT BURGER GRILL|11380 S STATE ST|SANDY,The Habit Burger Grill,HABIT BURGER GRILL,"The Habit Burger Grill, 11380 State St, Sandy, UT 84070","11380 S STATE ST, SANDY, UT 84070",1.0,1.0,0.8571428571428571,41.88951354947219,0.9435022290622567,geo,40.545002499999995,-111.89166,40.544852896522,-111.891205013737
0x8752f56db9e1e59d:0xa2dae03432d0bcc,URBAN LOUNGE|241 S 500 E|SALT LAKE CITY,Urban Lounge,URBAN LOUNGE,"Urban Lounge, 241 500 E, Salt Lake City, UT 84102","241 S 500 E, SALT LAKE CITY, UT 84102",1.0,1.0,0.8,27.061784457366862,0.9419588103617554,geo,40.7638007,-111.8763861,40.763840398022,-111.8767031195
0x875287498485f2cf:0x34d77d999b5ff05c,SHAKE SHACK|11020 S STATE ST|SANDY,Shake Shack,SHAKE SHACK,"Shake Shack, 11020 S State St Suite B, Sandy, UT 84070, United States","11020 S STATE ST, SANDY, UT 84070",1.0,1.0,0.8571428571428571,45.90431894935571,0.940825692129001,geo,40.5512315,-111.8914131,40.551202975474,-111.890871079457
0x87528bfb196f8079:0xbe69607359b37eb8,BLAZE PIZZA|1863 W 5400 S|TAYLORSVILLE,Blaze Pizza,BLAZE PIZZA,"Blaze Pizza, 1863 W 5400 S Suite C, Taylorsville, UT 84129","1863 W 5400 S, TAYLORSVILLE, UT 84129",1.0,1.0,0.8333333333333334,39.6072269750331,0.9402618486833113,geo,40.65275,-111.94218,40.653070666127,-111.942384407234
0x8752628734a2d279:0x27179b9113229096,HABIT BURGER GRILL|6993 S PARK CENTRE DR|COTTONWOOD HEIGHTS,The Habit Burger Grill,HABIT BURGER GRILL,"The Habit Burger Grill, 6993 Park Centre Dr, Cottonwood Heights, UT 84121","6993 S PARK CENTRE DR, COTTONWOOD HEIGHTS, UT 84121",1.0,1.0,0.88,54.37964289894704,0.9397469047340353,geo,40.624097,-111.8507016,40.624448324834,-111.851149829101
0x875263d4ceeb16e1:0x52159d2404445b0,WINGSTOP|7176 S UNION PARK AVE|MIDVALE,Wingstop,WINGSTOP,"Wingstop, 7176 Union Park Ave, Midvale, UT 84047","7176 S UNION PARK AVE, MIDVALE, UT 84047",1.0,1.0,0.88,54.68837259709759,0.9395410849352682,geo,40.6210599,-111.8564045,40.621312314456,-111.855848380777
0x875285f5869edf59:0x335ef22815c8272c,BURGER KING|10396 S RIVER HEIGHT DR|SOUTH JORDAN,Burger King,BURGER KING,"Burger King, 10396 River Heights Dr, South Jordan, UT 84095","10396 S RIVER HEIGHT DR, SOUTH JORDAN, UT 84095",1.0,1.0,0.8727272727272727,52.76497477615967,0.9393688046946814,geo,40.5623113,-111.9727314,40.562185532439,-111.972129113784
0x875287c5684c9c93:0xd4398fd7d22c9f32,CHICK FIL A|10090 S STATE ST|SANDY,Chick-fil-A,CHICK FIL A,"Chick-fil-A, 10090 State St, Sandy, UT 84070","10090 S STATE ST, SANDY, UT 84070",1.0,1.0,0.8571428571428571,48.19624068241529,0.9392977443069612,geo,40.5678853,-111.8913555,40.568125788352,-111.890880793444
0x8752635f9fff6ee3:0xed462a2da6ef062a,REAL TAQUERIA DOG PATIO|1869 E MURRAY HOLLADAY RD|HOLLADAY,Real Taqueria,REAL TAQUERIA DOG PATIO,"Real Taqueria, 1869 E Murray Holladay Rd, Holladay, UT 84117","1869 E MURRAY HOLLADAY RD, HOLLADAY, UT 84117",1.0,1.0,1.0,91.55920594958053,0.9389605293669462,geo,40.6661825,-111.8385767,40.665921264942,-111.837547231159
0x875289868a3830e7:0x88b5a1ae8183b2de,HAVE PARTY WILL TRAVEL|466 W LAWNDALE DR|SOUTH SALT LAKE,Have Party Will Travel,HAVE PARTY WILL TRAVEL,"Have Party Will Travel, 466 W Lawndale Dr suite D, Salt Lake City, UT 84115","466 W LAWNDALE DR, SOUTH SALT LAKE, UT 84115",1.0,1.0,0.8518518518518519,48.338214156234656,0.938144894266214,geo,40.7134205,-111.9032377,40.713848673293,-111.903138571359
0x87528996ff8339b7:0xb6415f8a4e68ff83,EAST COAST SUBS|6056 S STATE ST|MURRAY,East Coast Subs,EAST COAST SUBS,"East Coast Subs, 6056 State St, Murray, UT 84107","6056 S STATE ST, MURRAY, UT 84107",1.0,1.0,0.85,48.78394715855801,0.9374773685609613,geo,40.6392259,-111.8896954,40.639375035351,-111.88915166581
0x87528939f49bff31:0x1009ab6f29e1017,MOD PIZZA|1148 E FORT UNION BLVD|MIDVALE,MOD Pizza,MOD PIZZA,"MOD Pizza, 1148 Fort Union Blvd Suite 162, Midvale, UT 84047","1148 E FORT UNION BLVD, MIDVALE, UT 84047",1.0,1.0,0.7692307692307693,26.14924369711915,0.936413324714741,geo,40.6241625,-111.8602469,40.624349357325,-111.860435022371
0x87528aa6c8c0b66f:0xd04ad004922c337c,SUGAR HOUSE COFFEE|2011 S 1100 E|SALT LAKE CITY,Sugar House Coffee,SUGAR HOUSE COFFEE,"Sugar House Coffee, 2011 1100 E, Salt Lake City, UT 84106","2011 S 1100 E, SALT LAKE CITY, UT 84106",1.0,1.0,0.8235294117647058,42.758853394840216,0.9361999800897143,geo,40.7265636,-111.8590833,40.726744353259,-111.859531170015
0x87528991233d8ac1:0x2001dad5e3cdb0e0,PANDA EXPRESS|5888 S STATE ST|MURRAY,Panda Express,PANDA EXPRESS,"Panda Express, 5888 State St, Murray, UT 84107","5888 S STATE ST, MURRAY, UT 84107",1.0,1.0,0.85,51.09277809662517,0.9359381479355832,geo,40.6436317,-111.8893194,40.643273045591,-111.888940867175
0x875289383918d7bd:0x5ee7b5612721fc72,PANDA EXPRESS|6910 S REDWOOD RD|WEST JORDAN,Panda Express,PANDA EXPRESS,"Panda Express, 6910 S Redwood Rd space a, West Jordan, UT 84084","6910 S REDWOOD RD, WEST JORDAN, UT 84084",1.0,1.0,0.8518518518518519,52.07589722051947,0.9356531055566907,geo,40.6256105,-111.9392172,40.625966884237,-111.938816862977
0x87528c5a1f56ab1f:0xe100724fd8da5af3,SONIC DRIVE IN|4561 S 4000 W|WEST VALLEY CITY,Sonic Drive-In,SONIC DRIVE IN,"Sonic Drive-In, 4561 4000 W, West Valley City, UT 84120","4561 S 4000 W, WEST VALLEY CITY, UT 84120",1.0,1.0,0.8235294117647058,43.874949300290055,0.9354559161527477,geo,40.6709989,-111.9860244,40.671119650462,-111.986519672863
0x8752f477d6a55ecd:0xcf42f8a89a4d7ac7,NOMAD EATERY|1722 S FREMONT DR|SALT LAKE CITY,Nomad Eatery,NOMAD EATERY,"Nomad Eatery, 1722 Fremont Dr #2, Salt Lake City, UT 84104","1722 S FREMONT DR, SALT LAKE CITY, UT 84104",1.0,1.0,0.8181818181818182,43.677749965264184,0.9345178636595208,geo,40.7324031,-111.9537815,40.732707187446,-111.953453367259
0x8752f56937c20fb9:0x832e03e48d64c7b6,CAFE ZUPAS|613 E 400 S|SALT LAKE CITY,Cafe Zupas,CAFE ZUPAS,"Cafe Zupas, 613 E 400 S, Salt Lake City, UT 84102","613 E 400 S, SALT LAKE CITY, UT 84102",1.0,1.0,1.0,98.66321811000768,0.9342245212599948,geo,40.7616039,-111.8735813,40.760718257141,-111.873509746221
0x875289fb4a405e4b:0xa169c429dad6c3b3,POINT AFTER - DOG PATIO|5445 S 900 E|MURRAY,The Point After,POINT AFTER - DOG PATIO,"The Point After, 5445 S 900 E, Salt Lake City, UT 84117","5445 S 900 E, MURRAY, UT 84117",1.0,1.0,1.0,100.15933740499116,0.9332271083966724,geo,40.6525742,-111.8646615,40.652650223277,-111.865844539568
0x8752882cb345bf1d:0xeb8f19a50f3e5f54,LONGHORN STEAKHOUSE|963 E FORT UNION BLVD|MIDVALE,LongHorn Steakhouse,LONGHORN STEAKHOUSE,"LongHorn Steakhouse, 963 Fort Union Blvd, Midvale, UT 84047","963 E FORT UNION BLVD, MIDVALE, UT 84047",1.0,1.0,0.9056603773584906,76.89530046151117,0.9298685418306906,geo,40.6229133,-111.8642644,40.622313738467,-111.864718407763
0x87527085d0392fa3:0x916bd36fe09f8186,TRAM CLUB|9385 S SNOWBIRD CENTER DR|SALT LAKE COUNTY,Tram Club,TRAM CLUB,"Tram Club, 9385 S Snowbird Center Trail, # C01, Snowbird, UT 84092","9385 S SNOWBIRD CENTER DR, SALT LAKE COUNTY, UT 84092",1.0,1.0,0.90625,81.56625760423874,0.9268724949305075,geo,40.5810969,-111.6568499,40.581004555248,-111.657808056847
0x875262687baa6cd7:0x5e18a964eeeedd36,HIGHLANDER PUB|6194 S HIGHLAND DR|MURRAY,Highlander Pub,HIGHLANDER PUB,"Highlander Pub, 6194 Highland Dr, Salt Lake City, UT 84121","6194 S HIGHLAND DR, MURRAY, UT 84121",1.0,1.0,0.8636363636363636,69.88361020501314,0.9261381992572639,geo,40.6387978,-111.8353424,40.639363653795,-111.834981993866
0x8752601ffa8e68bf:0xa5949367fd86f753,ZAO ASIAN CAFE|2227 S HIGHLAND DR|SALT LAKE CITY,Zao Asian Cafe,ZAO ASIAN CAFE,"Zao Asian Cafe, 2227 S Highland Dr e2, Salt Lake City, UT 84106","2227 S HIGHLAND DR, SALT LAKE CITY, UT 84106",1.0,1.0,0.9433962264150944,95.87949202803614,0.9247595839309947,geo,40.722199499999995,-111.8574638,40.722378356833,-111.858576786921
0x875288fe77730141:0xf6e226107ffedd5e,OLD TOWNE TAVERN|7662 S MAIN ST|MIDVALE,Old Towne Tavern,OLD TOWNE TAVERN,"Old Towne Tavern, 7662 S Main St, Midvale, UT 84047","7662 S MAIN ST, MIDVALE, UT 84047",1.0,1.0,1.0,113.120020806345,0.9245866527957699,geo,40.611996,-111.910568,40.610993024191,-111.910343811552
0x8752876077272fd3:0x40e212483e248131,GARAGE GRILL - DOG PATIO|1122 E DRAPER PKWY|DRAPER,Garage Grill,GARAGE GRILL - DOG PATIO,"Garage Grill, 1122 East Draper Pkwy, Draper, UT 84020","1122 E DRAPER PKWY, DRAPER, UT 84020",1.0,1.0,1.0,113.63252385402522,0.9242449840973164,geo,40.527366,-111.858826,40.528326196095,-111.858365814687
0x87528bfb9df074cf:0x548b15973c8842cf,TEXAS ROADHOUSE|1904 W 5400 S|TAYLORSVILLE,Texas Roadhouse,TEXAS ROADHOUSE,"Texas Roadhouse, 1904 W 5400 S, Taylorsville, UT 84129","1904 W 5400 S, TAYLORSVILLE, UT 84129",1.0,1.0,1.0,116.5478199106952,0.9223014533928697,geo,40.654219999999995,-111.94307,40.653178259508,-111.942917567738
0x87527dc4a935ad33:0xd19e733d7cadd46c,WILDSIDE BOWLS|12243 S DRAPER GATE DR|DRAPER,Wildside Bowls,WILDSIDE BOWLS,"Wildside Bowls, 12243 Draper Gate Dr, Draper, UT 84020","12243 S DRAPER GATE DR, DRAPER, UT 84020",1.0,1.0,0.8846153846153846,82.50070300396622,0.9219226082537662,geo,40.5285847,-111.8523743,40.52790858459,-111.851972323128
0x8752f2b5f74883eb:0xc14b41903d33bdee,NOODLES & COMPANY|2682 S HIGH COMMONS WY|WEST VALLEY CITY,Noodles and Company,NOODLES & COMPANY,"Noodles and Company, 2682 High Commons Way, West Valley City, UT 84120","2682 S HIGH COMMONS WY, WEST VALLEY CITY, UT 84120",1.0,1.0,0.851063829787234,74.96258243095393,0.9202377110034775,geo,40.7114167,-112.0244348,40.711376552365,-112.023546997763
0x87528d483dfc8067:0xb592fe664b62e36a,LITTLE CAESARS PIZZA|3380 S 5600 W|WEST VALLEY CITY,Little Caesars Pizza,LITTLE CAESARS PIZZA,"Little Caesars Pizza, 3380 S 5600 W, West Valley City, UT 84120","3380 S 5600 W, WEST VALLEY CITY, UT 84128",1.0,1.0,1.0,127.42593805975895,0.9150493746268273,geo,40.698555,-112.026436,40.698679758585,-112.024933450933
0x875287c5c38d2b5d:0x96a4d707bfd31dd,SONIC DRIVE IN|10225 S STATE ST|SANDY,Sonic Drive-In,SONIC DRIVE IN,"Sonic Drive-In, 10225 State St, Sandy, UT 84070","10225 S STATE ST, SANDY, UT 84070",1.0,1.0,0.8571428571428571,86.32055823628131,0.9138815326043839,geo,40.5657186,-111.8901514,40.565069740979,-111.890712400799
0x875286ed6c0b6d17:0xa53ee5c891201cfe,WALMART NEIGHBORHOOD MARKET|1202 W 12600 S|RIVERTON,Walmart Neighborhood Market,WALMART NEIGHBORHOOD MARKET,"Walmart Neighborhood Market, 1202 W 12600 S, Riverton, UT 84065","1202 W 12600 S, RIVERTON, UT 84065",1.0,1.0,1.0,132.25889929749746,0.9118274004683349,geo,40.5234171,-111.9258865,40.522452485678,-111.924971024591
0x87528c8351754ba9:0xee3497aeff1c51e6,IN N OUT BURGER|3715 S CONSTITUTION BLVD|WEST VALLEY CITY,In-N-Out Burger,IN N OUT BURGER,"In-N-Out Burger, 3715 Constitution Dr, West Valley City, UT 84119","3715 S CONSTITUTION BLVD, WEST VALLEY CITY, UT 84119",1.0,1.0,0.6785714285714286,37.82314684988755,0.9104988544810273,geo,40.6914496,-111.9576055,40.691696156541,-111.95791455571
0x8752f501db7b6785:0x2ba12eda84203e50,PANDA EXPRESS|188 S RIO GRANDE ST|SALT LAKE CITY,Panda Express,PANDA EXPRESS,"Panda Express, 188 S Rio Grande St, Salt Lake City, UT 84101","188 S RIO GRANDE ST, SALT LAKE CITY, UT 84101",1.0,1.0,1.0,135.49053507718256,0.9096729766152115,geo,40.765253,-111.9042817,40.766465722327,-111.904125274044
0x87528af6c0a82315:0xcba8255045a40a4f,SUBWAY|3307 S STATE ST|SOUTH SALT LAKE,Subway,SUBWAY,"Subway, 3300 S State St Bldg B S, Salt Lake City, UT 84115","3307 S STATE ST, SOUTH SALT LAKE, UT 84115",1.0,1.0,0.7457627118644068,63.18825638168678,0.9070270381184234,geo,40.6995328,-111.8874398,40.699630471369,-111.888178198832
0x875287c84339dd07:0x455e2afc626b5d4,MO BETTAHS|11052 S STATE ST|SANDY,Mo' Bettahs,MO BETTAHS,"Mo' Bettahs, 11052 S, State St suite a, Sandy, UT 84070, United States","11052 S STATE ST, SANDY, UT 84095",1.0,1.0,0.6285714285714286,31.491305995447487,0.9047200817173207,geo,40.550640099999995,-111.8912734,40.550655573594,-111.89090123188
0x875285b31fc74fcf:0xf63baaaa73737321,IN N OUT BURGER|12569 S CROSSING DR|RIVERTON,In-N-Out Burger,IN N OUT BURGER,"In-N-Out Burger, 12569 S Crossing Dr, Riverton, UT 84096","12569 S CROSSING DR, RIVERTON, UT 84096",1.0,1.0,1.0,144.73037067138824,0.9035130862190744,geo,40.522557299999995,-111.9848062,40.523812994183,-111.98525690034
0x875287d8b1c3b3a1:0xbcbdb62fc76ac86c,VESSEL KITCHEN|11052 S STATE ST|SANDY,Vessel Kitchen,VESSEL KITCHEN,"Vessel Kitchen, 11052 S, State St Suite C, Sandy, UT 84070","11052 S STATE ST, SANDY, UT 84070",1.0,1.0,0.6285714285714286,36.633131944677636,0.9012921977511672,geo,40.5504573,-111.8912475,40.550655573594,-111.89090123188
0x875287e4bbab02c7:0xbd5c640c6bf5f1cf,BASKIN ROBBINS|9497 S 700 E|SANDY,Baskin-Robbins,BASKIN ROBBINS,"Baskin-Robbins, 9497 S 700 E, Sandy, UT 84070","9497 S 700 E, SANDY, UT 84070",1.0,1.0,1.0,149.16495226884766,0.9005566984874348,geo,40.5786216,-111.8706491,40.579366673435,-111.872117854169
0x87528aa0c961fcd5:0xd8ba42d090d54d87,PANDA EXPRESS|1126 E 2100 S|SALT LAKE CITY,Panda Express,PANDA EXPRESS,"Panda Express, 1126 E 2100 S suite b, Salt Lake City, UT 84106","1126 E 2100 S, SALT LAKE CITY, UT 84106",1.0,1.0,0.8333333333333334,100.91217194584509,0.8993918853694366,geo,40.7246437,-111.8585357,40.725359668467,-111.85779984775
0x875261e2736b6937:0x498bc38ab4136d18,BLACK SHEEP BAR AND GRILL FOOTHILL DOG PATIO|1400 S FOOTHILL DR|SALT LAKE CITY,The Black Sheep Bar & Grill Foothill,BLACK SHEEP BAR AND GRILL FOOTHILL DOG PATIO,"The Black Sheep Bar & Grill Foothill, 1400 South Foothill Dr #166, Salt Lake City, UT 84108","1400 S FOOTHILL DR, SALT LAKE CITY, UT 84108",1.0,1.0,0.9259259259259259,129.48534111759258,0.8988616244401235,geo,40.738613,-111.8260006,40.739761900834,-111.825749965687
0x8752f3645fb01207:0xff7682745e5dbb41,WINGSTOP|2900 S 5600 W|WEST VALLEY CITY,Wingstop,WINGSTOP,"Wingstop, 2885 S 5600 W Ste A, West Valley City, UT 84120","2900 S 5600 W, WEST VALLEY CITY, UT 84120",1.0,1.0,0.7391304347826086,80.25534198005921,0.8943225256364823,geo,40.707755899999995,-112.0242095,40.707332499787,-112.024980581799
0x87526281e2554885:0x221e2ad13dbbbb08,IN N OUT BURGER|7206 S UNION PARK AVE|MIDVALE,In-N-Out Burger,IN N OUT BURGER,"In-N-Out Burger, 7206 Union Park Ave, Midvale, UT 84047","7206 S UNION PARK AVE, MIDVALE, UT 84047",1.0,1.0,0.88,133.2794792294751,0.8871470138470166,geo,40.6204176,-111.8566257,40.619266038488,-111.857063786637
0x8752602035b0701d:0x3fafa94511585802,RED LOBSTER|2294 S 1300 E|SALT LAKE CITY,Red Lobster,RED LOBSTER,"Red Lobster, 2294 S 1300 E WEST OF SUGARHOUSE PARK, Salt Lake City, UT 84106, United States","2294 S 1300 E, SALT LAKE CITY, UT 84106",1.0,1.0,0.625,59.312155179849874,0.8854585632134334,geo,40.720634,-111.85411,40.721081117395,-111.853726205821
0x87528b6161c18005:0xb3dbdde5d924dac5,K RECIPE|3390 S STATE ST|SOUTH SALT LAKE,K-Recipe,K RECIPE,"K-Recipe, 3390 State St #34, South Salt Lake, UT 84115","3390 S STATE ST, SOUTH SALT LAKE, UT 84115",1.0,1.0,0.7906976744186046,118.33370224412984,0.879250400054301,geo,40.6977993,-111.889649,40.697436671294,-111.888329345074
0x8752859654511af5:0x5212b2b7996c4f8,STARBUCKS|11505 S 4000 W|SOUTH JORDAN,Starbucks,STARBUCKS,"Starbucks, 11505 4000 W #101, South Jordan, UT 84009, United States","11505 S 4000 W, SOUTH JORDAN, UT 84009",1.0,1.0,0.75,106.15290508062593,0.879231396612916,geo,40.543403,-111.985002,40.543677754649,-111.986205117425
0x8752f5fbcfd86335:0x2b3dd76e4e23805a,IBIZA ULTRA LOUNGE|180 W 400 S|SALT LAKE CITY,Ibiza SLC Ultra lounge,IBIZA ULTRA LOUNGE,"Ibiza SLC Ultra lounge, 180 W 400 S, Salt Lake City, UT 84101","180 W 400 S, SALT LAKE CITY, UT 84101",0.9,0.75,1.0,22.82930520266453,0.8772804631982236,geo,40.7609096,-111.8962985,40.760709258919,-111.896239233649
0x87528b041f79cd19:0x1784aab5ab8eef6d,LEVEL CROSSING BREWING/ DOG PATIO|2496 S WEST TEMPLE|SALT LAKE CITY,Level Crossing Brewing Co,LEVEL CROSSING BREWING/ DOG PATIO,"Level Crossing Brewing Co, 2496 S W Temple, South Salt Lake, UT 84115","2496 S WEST TEMPLE, SALT LAKE CITY, UT 84115",0.9361702127659575,0.75,1.0,57.3910652151989,0.870515885601215,geo,40.7166699,-111.8942605,40.716180458129,-111.89404436323
0x87528596803ea005:0x352eabc0a586240c,NOODLES & COMPANY|11429 S DISTRICT MAIN DR|SOUTH JORDAN,Noodles and Company,NOODLES & COMPANY,"Noodles and Company, 11429 District Dr, South Jordan, UT 84095","11429 S DISTRICT MAIN DR, SOUTH JORDAN, UT 84095",1.0,1.0,0.7843137254901961,135.0544537724794,0.8668264425830529,geo,40.5436626,-111.9808963,40.542553403709,-111.981547485155
0x87526280aeae24af:0x1f9788aee53fab96,CHIPOTLE MEXICAN GRILL #954|6924 S PARK CENTRE DR|COTTONWOOD HEIGHTS,Chipotle Mexican Grill,CHIPOTLE MEXICAN GRILL #954,"Chipotle Mexican Grill, 6924 S Park Centre Dr, Cottonwood Heights, UT 84121","6924 S PARK CENTRE DR, COTTONWOOD HEIGHTS, UT 84121",0.9166666666666666,0.75,1.0,51.91396954963273,0.8653906869669116,geo,40.6256566,-111.8515152,40.625408493743,-111.850994116835
0x875289b2f0328ff9:0x3215b553aab6efef,TACOS EL PARIENTE II|7273 S STATE ST|MIDVALE,Tacos El Pariente,TACOS EL PARIENTE II,"Tacos El Pariente, 7273 State St, Midvale, UT 84047","7273 S STATE ST, MIDVALE, UT 84047",0.918918918918919,0.75,0.85,25.597595494349658,0.8539484498506138,geo,40.6193449,-111.8902548,40.619429113521,-111.89053705795
0x8752f5ab20565ab9:0x519c669b6542279d,CITY CAFE|155 N 400 W|SALT LAKE CITY,City Cafe,CITY CAFE,"City Cafe, 101 400 W, Salt Lake City, UT 84103","155 N 400 W, SALT LAKE CITY, UT 84103",1.0,1.0,0.6666666666666666,120.24995490267854,0.8531666967315475,geo,40.771697,-111.9030891,40.772716401594,-111.90261241672
0x87528906636645f9:0xbc5cb0845902e08b,SUBWAY|7157 S BINGHAM JUNCTION BLVD|MIDVALE,Subway,SUBWAY,"Subway, 7157 Bingham Jct Blvd Suite G-102, Midvale, UT 84047","7157 S BINGHAM JUNCTION BLVD, MIDVALE, UT 84047",1.0,1.0,0.6933333333333334,147.93111422358072,0.8400459238509462,geo,40.6212673,-111.9123598,40.622161640844,-111.913657405103
0x87528a6e4de1fead:0xb1bd2c15b2d6621d,ARCTIC CIRCLE 202|3919 S 700 E|MILLCREEK TS,Arctic Circle,ARCTIC CIRCLE 202,"Arctic Circle, 3919 S 700 E, Murray, UT 84107","3919 S 700 E, MILLCREEK TS, UT 84107",0.8666666666666667,0.6666666666666666,1.0,27.35764403861961,0.8384282373075869,geo,40.6865396,-111.8709717,40.686566469494,-111.871294218343
0x87528edb8071719b:0xb34437f22c7b5873,ARCTIC CIRCLE 111|3365 W 7800 S|WEST JORDAN,Arctic Circle,ARCTIC CIRCLE 111,"Arctic Circle, 3365 W 7800 S, West Jordan, UT 84088","3365 W 7800 S, WEST JORDAN, UT 84088",0.8666666666666667,0.6666666666666666,1.0,39.40076457325027,0.8303994902844998,geo,40.6090528,-111.9700581,40.609403690188,-111.970123068093
0x8752f50f798a1405:0xfea701e9797089a0,SIEGFRIED DELICATESSEN|20 W 200 S|SALT LAKE CITY,Siegfried's Delicatessen,SIEGFRIED DELICATESSEN,"Siegfried's Delicatessen, 20 W 200 S, Salt Lake City, UT 84101","20 W 200 S, SALT LAKE CITY, UT 84101",0.88,0.6666666666666666,1.0,48.6130366522767,0.8302579755651488,geo,40.7653389,-111.8921167,40.765056258077,-111.891676325106
0x8752f5271c2f3f9d:0xbe7b86ad9b0711f9,EL POLLO LOCO #3821|1120 S 300 W|SALT LAKE CITY,El Pollo Loco,EL POLLO LOCO #3821,"El Pollo Loco, 1110 S 300 W, Salt Lake City, UT 84101","1120 S 300 W, SALT LAKE CITY, UT 84101",0.8387096774193549,0.75,0.9473684210526315,39.02764175883381,0.8283746112100135,geo,40.744274,-111.90009,40.744501198486,-111.899736889311
0x87528b61af7fbffb:0xa62abe818a78bd8a,CRACKER BARREL OLD COUNTRY|2283 W CITY CENTER CT|WEST VALLEY CITY,Cracker Barrel Old Country Store,CRACKER BARREL OLD COUNTRY,"Cracker Barrel Old Country Store, 2283 City Center Ct, West Valley City, UT 84119","2283 W CITY CENTER CT, WEST VALLEY CITY, UT 84119",0.896551724137931,0.8,0.8979591836734694,86.20919342399343,0.8255673169807672,geo,40.6990631,-111.9502929,40.69924345738,-111.949298329162
0x87528d4af51b6211:0xdeaaa6af8731f644,PANDA EXPRESS #1011|3051 S COLT PLAZA DR|WEST VALLEY CITY,Panda Express,PANDA EXPRESS #1011,"Panda Express, 3051 S Colt Plaza Dr, West Valley City, UT 84128","3051 S COLT PLAZA DR, WEST VALLEY CITY, UT 84128",0.8387096774193549,0.6666666666666666,1.0,32.76215131487246,0.8222445872954615,geo,40.7047228,-112.0254099,40.704551532338,-112.025726154307
0x8752f517bce84b1f:0x7528e0916ed69ea7,MILLCREEK COFFEE ROASTERS - COMMISSARY|651 S MAIN ST|SALT LAKE CITY,Millcreek Coffee Roasters,MILLCREEK COFFEE ROASTERS - COMMISSARY,"Millcreek Coffee Roasters, 657 S Main St, Salt Lake City, UT 84111","651 S MAIN ST, SALT LAKE CITY, UT 84111",0.819672131147541,0.75,0.9523809523809523,39.23373804045461,0.8206728241322809,geo,40.7548447,-111.8906937,40.755104667739,-111.891008627767
0x87528b417f6e0cc9:0xedae6347fb884a70,BALANCE NUTRITION|2246 W 5400 S|TAYLORSVILLE,Balance Nutrition Utah,BALANCE NUTRITION,"Balance Nutrition Utah, 2246 W 5400 S, Taylorsville, UT 84129","2246 W 5400 S, TAYLORSVILLE, UT 84129",0.8717948717948718,0.6666666666666666,1.0,59.228308725501606,0.8194888198240246,geo,40.653492,-111.949617,40.65313047604,-111.949101387726
0x87528be323aef6fd:0xe85ccc05c988d8f3,PANDA EXPRESS #611|5594 S REDWOOD RD|TAYLORSVILLE,Panda Express,PANDA EXPRESS #611,"Panda Express, 5594 S Redwood Rd, Taylorsville, UT 84123","5594 S REDWOOD RD, TAYLORSVILLE, UT 84123",0.8666666666666667,0.6666666666666666,1.0,64.78786028135663,0.8134747598124289,geo,40.6498341,-111.9394834,40.649498869419,-111.938855287679
0x8752f43a1db19215:0x3c788e19d71d0a77,DON DANIELS MEXICAN GRILL & CANTINA|1017 N 900 W|SALT LAKE CITY,Don Daniel's Mexican Grill & Cantina,DON DANIELS MEXICAN GRILL & CANTINA,"Don Daniel's Mexican Grill & Cantina, 1017N 900 W, Salt Lake City, UT 84116","1017 N 900 W, SALT LAKE CITY, UT 84116",0.9295774647887324,0.5714285714285714,0.8484848484848485,27.194656378861048,0.8127342007898015,geo,40.7914924,-111.9174575,40.791260614854,-111.917354433182
0x875289e5ce18771b:0x926def60774c5aa3,DEL TACO #736|5672 S 900 E|MURRAY,Del Taco,DEL TACO #736,"Del Taco, 5672 S 900 E, Murray, UT 84121","5672 S 900 E, MURRAY, UT 84121",0.8,0.6666666666666666,1.0,27.134339289105455,0.8085771071405965,geo,40.6474265,-111.8662805,40.647562885816,-111.866013799767
0x87528d4aa3f590c5:0x7772dbb0df4f380,DEL TACO #752|2963 S 5600 W|WEST VALLEY CITY,Del Taco,DEL TACO #752,"Del Taco, 2963 S 5600 W, West Valley City, UT 84128","2963 S 5600 W, WEST VALLEY CITY, UT 84120",0.8,0.6666666666666666,1.0,29.43739539772038,0.8070417364015199,geo,40.7062871,-112.0244796,40.706247110944,-112.024824820929
0x875286107382ef2f:0x1f5e534236584b06,PANDA EXPRESS #848|10555 S REDWOOD RD|SOUTH JORDAN,Panda Express,PANDA EXPRESS #848,"Panda Express, 10555 S Redwood Rd suite b, South Jordan, UT 84095","10555 S REDWOOD RD, SOUTH JORDAN, UT 84095",0.8666666666666667,0.6666666666666666,0.8571428571428571,38.05519994278128,0.8027251048000507,geo,40.5593365,-111.9381479,40.559447844369,-111.938573865419
0x875262a88fd1f89f:0xa00c293ce0ce8e81,DEL TACO #273|8580 S 1300 E|SANDY,Del Taco,DEL TACO #273,"Del Taco, 8580 S 1300 E, Sandy, UT 84094","8580 S 1300 E, SANDY, UT 84094",0.8,0.6666666666666666,1.0,40.866134378822046,0.7994225770807855,geo,40.5956352,-111.8537041,40.595625765739,-111.853220250748
0x87527df37d190b77:0x406aa2ef37870397,WALMART NEIGHBORHOOD MARKET #5110|1360 E DRAPER PKWY|DRAPER,Walmart Neighborhood Market,WALMART NEIGHBORHOOD MARKET #5110,"Walmart Neighborhood Market, 1360 Draper Pkwy, Draper, UT 84020","1360 E DRAPER PKWY, DRAPER, UT 84020",0.9152542372881356,0.75,0.8837209302325582,117.84845214511851,0.7975429580627604,geo,40.5266919,-111.8521902,40.527507731916,-111.853080235084
0x87528bb4cecd97f9:0x74375a6090f5bbed,STARBUCKS COFFEE COMPANY|4056 S REDWOOD RD|TAYLORSVILLE,Starbucks coffee,STARBUCKS COFFEE COMPANY,"Starbucks coffee, 4056 S Redwood Rd, Salt Lake City, UT 84123","4056 S REDWOOD RD, TAYLORSVILLE, UT 84123",0.8,0.6666666666666666,1.0,44.89250448521059,0.7967383303431931,geo,40.683266,-111.93944,40.683100624286,-111.938954320708
0x8752f5ad1637abad:0xe5861053bb8195c4,MOUNTAIN WEST HARD CIDER CO DOG PATIO|425 N 400 W|SALT LAKE CITY,Mountain West Cider,MOUNTAIN WEST HARD CIDER CO DOG PATIO,"Mountain West Cider, 425 N 400 W, Salt Lake City, UT 84103","425 N 400 W, SALT LAKE CITY, UT 84103",0.8260869565217391,0.6,1.0,40.49908281015792,0.7947397418946773,geo,40.7787718,-111.9030368,40.778600377897,-111.902612423365
0x875287112eb7ef65:0x3aefb61bbcb5f2a9,PANDA EXPRESS #749|64 E 12300 S|DRAPER,Panda Express,PANDA EXPRESS #749,"Panda Express, 64 E 12300 S St, Draper, UT 84020","64 E 12300 S, DRAPER, UT 84020",0.8666666666666667,0.6666666666666666,0.8444444444444444,49.575724835794816,0.7925050723316923,geo,40.5263003,-111.8888244,40.526705092223,-111.888578549704
0x87528716b25ae955:0xad4eecd8be8e4ce4,DEL TACO #774|96 E 12300 S|DRAPER,Del Taco,DEL TACO #774,"Del Taco, 96 E 12300 S, Draper, UT 84020","96 E 12300 S, DRAPER, UT 84020",0.8,0.6666666666666666,1.0,55.9982875284706,0.7893344749810197,geo,40.5263351,-111.888032,40.52671169306,-111.887592116004
0x8752871414bb3a4b:0x8d7dcfb0beb572c1,ARCTIC CIRCLE 116|208 E 12300 S|DRAPER,Arctic Circle,ARCTIC CIRCLE 116,"Arctic Circle, 208 E 12300 S, Draper, UT 84020","208 E 12300 S, DRAPER, UT 84020",0.8666666666666667,0.6666666666666666,1.0,102.89297001872251,0.7880713533208517,geo,40.526289,-111.885488,40.526697447377,-111.884395632441
0x87528e358e42f1d1:0xa956db3f6ff0411e,ARCTIC CIRCLE 127|8677 S 5600 W|WEST JORDAN,Arctic Circle,ARCTIC CIRCLE 127,"Arctic Circle, 8677 S 5600 W, West Jordan, UT 84081","8677 S 5600 W, WEST JORDAN, UT 84081",0.8666666666666667,0.6666666666666666,1.0,103.89685901861364,0.7874020939875909,geo,40.593326999999995,-112.0236405,40.594196614869,-112.024090596112
