violation_phr,violation_type,matched_keyword,n_occurrences
Nonfood-Contact Surfaces-Cleaning,facility_maintenance,surface,2176
"Equipment, Food-Contact Surfaces, Nonfood-Contact Surfaces, and Utensils-Cleaning*",facility_maintenance,equipment,2112
Repairing-Physical Facilities,facility_maintenance,repair,2109
Cleaning-Frequency and Restrictions,facility_maintenance,cleaning,1975
Good Repair and Proper Adjustment,facility_maintenance,repair,1661
System Maintained in Good Repair Non-critical,facility_maintenance,repair,1044
Fixed Equipment-Spacing or Sealing,facility_maintenance,equipment,996
Cleaning Ventilation Systems-Nuisance and Discharge Prohibition,facility_maintenance,ventilation,863
"Eating, Drinking, or Using Tobacco**",hygiene_practice,"eating, drinking, or using tobacco",757
Cold Holding*,temperature_control,cold holding,727
Food Handler Training,documentation,training,713
Using a Handwashing Sink.**,hygiene_practice,hand,680
In-Use Utensils - Between-Use Storage.,facility_maintenance,utensil,667
"Equipment, Utensils, Linens, and Single-Service and Single-Use Articles-Storage",facility_maintenance,equipment,644
Food Storage Containers - Identified with Common Name of Food.,documentation,common name of food,634
"Manual and Mechanical Warewashing Equipment-Chemical Sanitization, Temperature, pH, Concentration and Hardness*",temperature_control,temperature,593
Equipment and Utensils-Air-Drying Required,facility_maintenance,equipment,588
Food Storage.,facility_maintenance,food storage,545
Nonfood-Contact Surfaces,facility_maintenance,surface,537
Cutting Surfaces,facility_maintenance,surface,523
Hand Drying Provision**,hygiene_practice,hand,425
Drying Mops,facility_maintenance,mop,393
Floor and Wall Junctures-Coved and Enclosed or Sealed,facility_maintenance,floor,382
Wiping Cloths - Use Limitation,facility_maintenance,wiping cloth,379
Outer Openings-Protected,pest_presence,outer openings,378
Approved System and Cleanable Fixtures (Non-critical),facility_maintenance,cleanable fixtures,352
Surface Characteristics-Indoor Areas,facility_maintenance,surface,350
Working Containers-Common Name**,documentation,common name**,338
Restraining Pressurized Containers,documentation,training,335
Food Safety Manager Certification,documentation,certification,324
Hot Holding.*,temperature_control,hot holding,296
"Ready-to-Eat, Potentially hazardous food (time/temperature control for safety food) - Date Marking.**",temperature_control,temperature,265
"Packaged and Unpackaged Food - Separation, Packaging, Segregation*",cross_contamination,separation,256
Fixed Equipment-Elevation or Sealing,facility_maintenance,equipment,251
Handwashing Signage,hygiene_practice,hand,250
Food Safety Manager Registration,documentation,registration,246
Sanitizing Solutions-Testing Devices**,facility_maintenance,sanitizing solution,243
Clean-up of Vomiting and Diarrheal Events,hygiene_practice,vomiting,208
Backflow Prevention Device-Design Standard*,facility_maintenance,backflow,200
Handwashing Cleanser and Hand Sanitizers-Availability**,hygiene_practice,hand,199
Cooking and Baking Equipment,temperature_control,cooking,193
Responsibilities of the Permit Holder,documentation,permit,191
Allergen Notification,documentation,allergen,173
Equipment and Utensils - Design and Construction,facility_maintenance,equipment,161
Handwashing Sink - Installation.**,hygiene_practice,hand,152
Cooling Methods.**,temperature_control,cooling,139
Lighting-Intensity,facility_maintenance,lighting,133
Other Personal Care Items-Storage,hygiene_practice,personal care items,131
Utah Indoor Clean Air Act,documentation,clean air act,127
When to Wash-Hands and Arms*,hygiene_practice,hand,120
Maintaining Premises-Unnecessary Items and Litter,facility_maintenance,premises,116
"Floors, Walls, and Ceilings-Utility Lines",facility_maintenance,floor,112
"Equipment, Food-Contact Surfaces, Nonfood-Contact Surfaces, and Utensils-Cleaning (Non-Critical)",facility_maintenance,equipment,108
Storage-Separation-Poisonous or Toxic Materials*,cross_contamination,separation,103
Covering Receptacles.,facility_maintenance,receptacle,102
System Maintained in Good Repair*,facility_maintenance,repair,102
Light Bulbs-Protective Shielding,facility_maintenance,light bulb,100
Hot Water and Chemical*,facility_maintenance,hot water and chemical,96
Controlling Pests**,pest_presence,pest,89
Warewashing Equipment-Cleaning Frequency,facility_maintenance,warewash,85
Thawing,temperature_control,thaw,83
Cleaning of Plumbing Fixtures,facility_maintenance,plumbing,80
Package Integrity - Specifications for Receiving.**,cross_contamination,package integrity,80
Toilet Room Receptacle-Covered.,facility_maintenance,toilet,78
Backflow Prevention-Air Gap*,facility_maintenance,backflow,77
Employee Accomodations-Designated Areas,hygiene_practice,employee accomodations,76
Characteristics - Multi-use*,facility_maintenance,multi-use,72
Disposable Towels-Waste Receptacle,facility_maintenance,waste,70
Single-Service and Single-Use Articles-Use Limitation,facility_maintenance,single-service,66
"Ready to Eat , Potentially hazardous food (time/temperature control for safety food) - Discard.*",temperature_control,temperature,64
Time as a Public Health Control.*,temperature_control,time as a public health,60
Drainboards,facility_maintenance,drain,59
Food Temperature Measuring Devices**,temperature_control,temperature,55
Handwashing Sink - Installation,hygiene_practice,hand,54
Preventing Contamination from Hands*,hygiene_practice,hand,52
Toilet Rooms-Enclosed,facility_maintenance,toilet,52
Kitchenware and Tableware,facility_maintenance,kitchenware,52
"Removing Dead or Trapped Birds, Insects, Rodents and Other Pests",pest_presence,pest,48
Restriction and Storage*,other,,48
Handwashing Sinks-Numbers and Capacities*,hygiene_practice,hand,47
Hair Restraint Effectiveness,hygiene_practice,hair restraint,47
Backflow Prevention*,facility_maintenance,backflow,47
Temperature Measuring Devices,temperature_control,temperature,46
Demonstration of Knowledge**,hygiene_practice,demonstration of knowledge,44
Miscellaneous Sources of Contamination.*,cross_contamination,contamination,42
Capacity-Water Quantity**,other,,41
Prohibitions-Storage of Clean Items,other,,41
Food Contact Surfaces**,facility_maintenance,surface,40
Temperature Measuring Devices-Manual and Mechanical Warewashing,temperature_control,temperature,39
Equipment Food-Contact Surfaces and Utensils-Cleaning*,facility_maintenance,equipment,37
Cooling*,temperature_control,cooling,35
"Safe, Unadulturated, and Honestly Presented*",other,,32
Conditions of Use-Poisonous or Toxic Materials*,cross_contamination,poisonous or toxic,32
Miscellaneous Sources of Contamination.,cross_contamination,contamination,32
Insect Control Devices-Design and Installation,pest_presence,insect,31
Maintaining Refuse Areas and Enclosures,facility_maintenance,refuse,31
Food Containers Prohibited from Storing Toxic Materials*,facility_maintenance,mat,30
"Backflow Prevention Device, When Required.*",facility_maintenance,backflow,29
Person in Charge- Duties**,hygiene_practice,person in charge,28
"Floors, Walls, and Ceilings-Cleanability",facility_maintenance,floor,28
Reduced Oxygen Packaging - Critical 2,other,,27
Controlling Pests- (Non Critical),pest_presence,pest,26
Restriction-Poisonous or Toxic Materials**,cross_contamination,poisonous or toxic,26
"Cooling, Heating, and Holding Capacities**",temperature_control,cooling,24
Reduced Oxygen Packaging - Critical 1,other,,24
Food Storage - Prohibited Areas.,facility_maintenance,food storage,23
Using Dressing Rooms and Lockers,other,,23
Service Sink,facility_maintenance,sink,22
Cleaning Education Provided,facility_maintenance,cleaning,22
Manual Warewashing Equipment-Wash Solution Temperature**,temperature_control,temperature,21
Good Repair and Calibration-Utensils and Temperature and Pressure Measuring Devices,temperature_control,temperature,20
Gloves - Use Limitation*,hygiene_practice,glove,20
Summary Permit Suspension - Imminent Health Hazard,documentation,permit,20
Jewelry Prohibition,hygiene_practice,jewelry prohibition,19
Floor Carpeting-Restrictions and Installation,facility_maintenance,floor,19
Rodent Bait Stations*,pest_presence,rodent,17
"Characteristics, Multi-use (Non Critical)",facility_maintenance,multi-use,17
"Consumption of Animal Foods that are Raw, Undercooked, or Not Otherwise Processed to Eliminate pathogens - Consumer Advisory*",other,,16
Approved-Plumbing Materials*,facility_maintenance,plumbing,16
Commissary Agreement,documentation,agreement,16
Handwashing Aids and Devices-Use Restrictions,hygiene_practice,hand,16
Toilet Agreement,documentation,agreement,15
Storage-Separation-Poisonous or Toxic Materials**,cross_contamination,separation,15
Conveying Sewage*,facility_maintenance,sewage,14
"Discarding or Reconditioning Unsafe, Adulterated, or Contaminated Food*",other,,13
Handwashing Sinks-Location*,hygiene_practice,hand,13
Ventilation-Mechanical,facility_maintenance,ventilation,12
Prohibiting Animals (Non Critical),other,,12
Approved System and Cleanable Fixtures.*,facility_maintenance,cleanable fixtures,11
Where to Wash- Hands and Arms**,hygiene_practice,hand,11
Restricted Use Pesticides-Criteria*,pest_presence,pest,10
Mechanical Warewashing Equipment-Wash Solution Temperature**,temperature_control,temperature,10
Reheating for Hot Holding.*,temperature_control,hot holding,10
Before Use After Cleaning*,facility_maintenance,cleaning,10
Pressure-Water Quantity.**,other,,9
"Outside Receptacles-Refuse, Recyclables and Returnables",facility_maintenance,refuse,9
Hand Antiseptics**,hygiene_practice,hand,9
Other Liquid Wastes and Rainwater,facility_maintenance,waste,8
Storing Maintenance Tools,other,,8
Contents of a HACCP Plan.,documentation,haccp,8
Prohibiting Animals**,other,,7
Temperature Measuring Devices-Ambient Air and Water**,temperature_control,temperature,7
Linens and Napkins - Use Limitation,other,,7
Food Display.*,other,,7
When a HACCP Plan is Required.,documentation,haccp,6
Assignment of Responsibility,other,,6
Variance Requirement.**,documentation,variance requirement,6
Cleaning Procedure*,facility_maintenance,cleaning,6
Beverage Tubing - Separation,cross_contamination,separation,6
Frozen Food.,other,,5
Dressing Areas and Lockers-Designation,other,,5
Food Labels,documentation,food labels,5
Manual Warewashing-Sink Compartment Requirements**,facility_maintenance,sink,5
Business Name,other,,5
Bearings and Gear Boxes-Leakproof,other,,5
Closing Toilet Room Doors,facility_maintenance,toilet,5
"Records, Creation and Retention.**",documentation,"records,",5
Warewashing Equipment--Determining Chemical Sanitizer Concentration and Hot Water Sanitizing Temperature**,temperature_control,temperature,5
Rinsing Procedures,other,,5
"Outdoor Storage Surface-Refuse, Recyclables and Returnables.",facility_maintenance,refuse,4
Sanitizers-Criteria*,other,,4
First Aid Supplies-Storage*,other,,4
Self-Contained and Readily Moveable,other,,4
Compliance with Food Law*,documentation,compliance with food law,4
Poisonous or Toxic Material Containers*,cross_contamination,poisonous or toxic,4
"Equipment, Clothes Washers and Dryers, and Storage Cabinets - Contamination Prevention",cross_contamination,contamination,4
Temperature Measuring Devices-Food**,temperature_control,temperature,4
Sponges-Use Limitation,other,,3
Rinising Equipment and Utensils after Cleaning and Sanitizing,facility_maintenance,equipment,3
Prohibiting a Cross Connection*,cross_contamination,cross connection,3
"Ice Used as Exterior Coolant, Prohibited as Ingredient.*",other,,3
Utah Food Truck Rule,other,,3
Floor Covering-Mats and Duckboards,facility_maintenance,floor,3
"Walls and Ceilings-Studs, Joists, and Rafters",facility_maintenance,wall,2
Water Supply Tank-Size**,facility_maintenance,water supply,2
Living or Sleeping Quarters-Separation,cross_contamination,separation,2
Storage or Display of Food in Contact with Water or Ice.,other,,2
Food Contact with Equipment and Utensils.*,cross_contamination,food contact with equipment,2
Private Homes and Living or Sleeping Quarters-Use Prohibition*,other,,2
First Aid Supplies-Storage**,other,,2
Can Openers,other,,2
Ventilation Hood Systems - Drip Prevention,facility_maintenance,ventilation,2
Temperature Measuring Devices**,temperature_control,temperature,2
Outer Clothing-Clean Condition.,hygiene_practice,outer clothing,2
Flushing a Waste Retention Tank.,facility_maintenance,waste,2
Toilet Tissue-Availability**,facility_maintenance,toilet,2
Refuse Removal-Frequency,facility_maintenance,refuse,2
Fingernail Maintenance**,hygiene_practice,fingernail,2
"Sewage Holding Tank, Mobile-Capacity and Drainage.",facility_maintenance,sewage,2
Exclusions and Restrictions*,other,,2
Lubricants-Incidental Food Contact-Criteria*,other,,2
"Areas, Enclosures, and Receptacles-Good Repair.",facility_maintenance,repair,2
Ventilation Hood Systems-Adequacy,facility_maintenance,ventilation,2
Wall and Ceiling-Coverings and Coatings,facility_maintenance,wall,1
Temperature - Specifications for Receiving.*,temperature_control,temperature,1
Warewashing Sinks-Use Limitation,facility_maintenance,sink,1
Hose - Construction and Identification (Non-Critical),facility_maintenance,construction,1
Mechanical Warewashing Equipment-Hot Water Sanitization Temperatures**,temperature_control,temperature,1
Permits Required,documentation,permit,1
Backflow Prevention Device-Location,facility_maintenance,backflow,1
"Storage Areas, Redeeming Machines, Receptacles and Waste Handling Units - Location.",hygiene_practice,hand,1
Washing Fruits and Vegetables.,other,,1
Protection from Unapproved Additives*,other,,1
Cleaning Maintenance Tools-Preventing Contamination**,cross_contamination,contamination,1
Distressed Merchandise-Segregation and Location**,hygiene_practice,hand,1
Condenser Unit-Separation,cross_contamination,separation,1
Raw Animal Foods - Cooking.*,temperature_control,cooking,1
Responsibility of the Person in Charge to Require Reporting by Food Employees*,hygiene_practice,person in charge,1
Approved System and Cleanable Fixtures*,facility_maintenance,cleanable fixtures,1
Walls and Ceilings-Attachments,facility_maintenance,wall,1
Parasite Destruction*,other,,1
Clean Linens-Laundering,other,,1
Mechanical Washing-Laundering,other,,1
Conditioning Device-Location,other,,1
Surface Characteristics-Outdoor Areas,facility_maintenance,surface,1
"Storing Refuse, Recyclables and Returnables.",facility_maintenance,refuse,1
Equipment Food-Contact Surfaces and Utensils-Cleaning (Non-Critical),facility_maintenance,equipment,1
"Food Cart, Mobile Food Unit and Shaved Ice Stand Tank Inlet.",other,,1
Demonstration of Knowledge-Temporary Event**,hygiene_practice,demonstration of knowledge,1
Food-Contact Surfaces and Utensils-Sanitization,facility_maintenance,utensil,1
MD Shadow,other,,1
Characteristics - Single-Service and Single-Use Articles (Non-Critical),facility_maintenance,single-service,1
Warewashing Equipment-Clean Solutions,facility_maintenance,warewash,1
Tracking Powders - Pest Control and Monitoring*,pest_presence,pest,1
Storage of Soiled Linens,other,,1
When Plans are Required,documentation,when plans are required,1
Animal Handling Prohibition**,hygiene_practice,hand,1
Handwashing Sink-Installation.(Non-Critical),hygiene_practice,hand,1
Service Sinks-Availability,facility_maintenance,sink,1
Food Preparation,other,,1
Tank Vent-Protected.,other,,1
