violation_code_id,code_text,asterisk_count,critical
1,0.0,0,False
2,0.4,0,False
3,4.1.1,0,False
4,4.1.2,0,False
5,4.1.3,0,False
6,4.1.4,0,False
7,4.1.4 (i),0,True
8,4.1.4 (ii),0,False
9,4.10.3,2,True
10,4.2.1,0,True
11,4.2.11,1,True
12,4.2.12,1,True
13,4.2.13,2,True
14,4.2.14,2,True
15,4.2.15,2,True
16,4.2.16,0,False
17,4.2.17,0,False
18,4.2.18,2,True
19,4.2.2,2,True
20,4.2.20,0,False
21,4.2.21,2,True
22,4.2.22,0,False
23,4.2.4,2,True
24,4.2.5,1,True
25,4.2.6,1,True
26,4.3.1,1,True
27,4.3.13,2,True
28,4.3.2,1,True
29,4.3.21,1,True
30,4.3.23,1,True
31,4.3.24,0,False
32,4.3.26,1,True
33,4.3.27,0,False
34,4.3.28,1,True
35,4.3.29,0,False
36,4.3.30,1,True
37,4.3.31,0,False
38,4.3.32,0,False
39,4.3.33,0,False
40,4.3.34,1,True
41,4.3.37,0,False
42,4.3.38,0,False
43,4.3.40,0,False
44,4.3.41,1,True
45,4.3.45,0,False
46,4.3.45,1,True
47,4.3.46,1,True
48,4.3.49,1,True
49,4.3.50,2,True
50,4.3.52,1,True
51,4.3.54,0,False
52,4.3.56,0,False
53,4.3.57,1,True
54,4.3.58,2,True
55,4.3.59,1,True
56,4.3.59* (i) b,0,True
57,4.3.60,2,True
58,4.3.61,1,True
59,4.3.62,1,True
60,4.3.63,2,True
61,4.3.64,1,True
62,4.3.64,2,True
63,4.3.67,0,False
64,4.3.68 (iii),0,False
65,4.3.69,1,True
66,4.3.70,1,True
67,4.3.9,1,True
68,4.4.1,0,False
69,4.4.1,1,True
70,4.4.101,0,False
71,4.4.105,0,False
72,4.4.106,0,False
73,4.4.107,0,False
74,4.4.11,0,False
75,4.4.110,0,False
76,4.4.12,0,False
77,4.4.13,0,False
78,4.4.15,2,True
79,4.4.19,0,False
80,4.4.20,0,False
81,4.4.23,2,True
82,4.4.24,0,False
83,4.4.24,2,False
84,4.4.26,0,False
85,4.4.30,0,False
86,4.4.31,0,False
87,4.4.33,0,False
88,4.4.37,0,False
89,4.4.37,2,True
90,4.4.49,0,False
91,4.4.51,2,True
92,4.4.52,2,True
93,4.4.53,0,False
94,4.4.54,0,False
95,4.4.57,2,True
96,4.4.58,0,False
97,4.4.59,2,True
98,4.4.6,0,False
99,4.4.60,0,False
100,4.4.61,0,False
101,4.4.62,0,False
102,4.4.63,0,False
103,4.4.64,0,False
104,4.4.66,0,False
105,4.4.68,0,False
106,4.4.70,0,False
107,4.4.71,2,True
108,4.4.72,2,True
109,4.4.74,2,True
110,4.4.76,1,True
111,4.4.77,2,True
112,4.4.78,0,False
113,4.4.80,0,False
114,4.4.82,0,False
115,4.4.82,1,True
116,4.4.83,0,False
117,4.4.83,1,True
118,4.4.84,0,False
119,4.4.85,0,False
120,4.4.91,0,False
121,4.4.93,0,False
122,4.4.94,1,True
123,4.4.95,1,True
124,4.4.96,0,False
125,4.4.98,0,False
126,4.4.99,0,False
127,4.5.12,1,True
128,4.5.13,0,False
129,4.5.13,1,True
130,4.5.14,0,False
131,4.5.14,2,True
132,4.5.15,1,True
133,4.5.16,0,False
134,4.5.16,1,True
135,4.5.18,1,True
136,4.5.20,0,False
137,4.5.21,1,True
138,4.5.23,1,True
139,4.5.24,0,False
140,4.5.25,0,False
141,4.5.26,0,True
142,4.5.26,2,True
143,4.5.27,1,False
144,4.5.30,0,False
145,4.5.30,1,True
146,4.5.35,0,False
147,4.5.37,0,False
148,4.5.40,0,False
149,4.5.45,0,False
150,4.5.47,1,True
151,4.5.49,1,True
152,4.5.51,0,False
153,4.5.53,0,False
154,4.5.55,0,False
155,4.5.59,0,False
156,4.5.61,0,False
157,4.5.63,0,False
158,4.5.64,0,False
159,4.5.65,0,False
160,4.5.67,0,False
161,4.5.69,0,False
162,4.5.71,0,False
163,4.5.8,2,True
164,4.5.9,2,True
165,4.6.1,0,False
166,4.6.10,0,False
167,4.6.11,0,False
168,4.6.13,0,False
169,4.6.14,0,False
170,4.6.15,0,False
171,4.6.2,0,False
172,4.6.21,1,False
173,4.6.22,0,False
174,4.6.24,2,True
175,4.6.25,0,False
176,4.6.25,2,True
177,4.6.26,0,False
178,4.6.27,0,False
179,4.6.28,0,False
180,4.6.3,0,False
181,4.6.30,2,True
182,4.6.31,0,False
183,4.6.32,0,False
184,4.6.33,0,False
185,4.6.34,0,False
186,4.6.37,0,False
187,4.6.38,2,True
188,4.6.4,0,False
189,4.6.40,0,False
190,4.6.41,0,False
191,4.6.43,0,False
192,4.6.44,2,True
193,4.6.45,0,False
194,4.6.47,0,False
195,4.6.48,0,False
196,4.6.49,0,False
197,4.6.5,0,False
198,4.6.50,0,False
199,4.6.50,2,True
200,4.6.51,0,False
201,4.6.52,0,False
202,4.6.53,0,False
203,4.6.54,0,False
204,4.6.54,2,True
205,4.6.6,0,False
206,4.6.7,0,False
207,4.6.8,0,False
208,4.6.9,0,False
209,4.7.12,1,True
210,4.7.13,1,True
211,4.7.14,1,True
212,4.7.15,1,True
213,4.7.16,1,True
214,4.7.18,1,True
215,4.7.18,2,True
216,4.7.19,0,False
217,4.7.2,2,True
218,4.7.3,0,False
219,4.7.3,1,True
220,4.7.3,2,True
221,4.7.4,2,True
222,4.7.5,1,True
223,4.7.6,1,True
224,4.7.7,1,True
225,4.7.8,1,True
226,4.8.1,0,False
227,4.8.3,0,False
228,4.8.4,0,False
229,4.9.2,0,False
230,4.9.3,0,False
231,4.9.4,0,False
232,4.9.5,2,False
233,4.9.8,0,False
234,7.4.4 (ii),0,True
235,R392-100: 5-202.11,1,True
236,R392-102,0,False
237,R392-510UICAA,0,False
