Establishment,Establishment Type,Inspection Data
ICO DISTRICT APTS - OUTDOOR W/P,Condo/Apartment,"Name: ICO DISTRICT APTS - OUTDOOR W/P | Address: 11100 S RIVER HEIGHTS DR | City/State/ZIP: SOUTH JORDAN, UT 84095 | Phone: (801) 727-8188"
ICO DISTRICT APTS - OUTDOOR W/P,Condo/Apartment,Date: 1/13/2026 | Inspection Type: 01 - Routine | Score: 1
ICO DISTRICT APTS - OUTDOOR W/P,Condo/Apartment,Date: 9/5/2025 | Inspection Type: 02 - Followup | Score: 
ICO DISTRICT APTS - OUTDOOR W/P,Condo/Apartment,Date: 4/10/2025 | Inspection Type: 02 - Followup | Score: 
ICO DISTRICT APTS - OUTDOOR W/P,Condo/Apartment,Date: 1/9/2025 | Inspection Type: 01 - Routine | Score: 1
ICO DISTRICT APTS - OUTDOOR W/P,Condo/Apartment,Date: 1/2/2024 | Inspection Type: 01 - Routine | Score: 1
ICO DISTRICT APTS - OUTDOOR W/P,Condo/Apartment,Date: 6/28/2023 | Inspection Type: 02 - Followup | Score: 
ICO DISTRICT APTS - OUTDOOR W/P,Condo/Apartment,Date: 1/11/2023 | Inspection Type: 01 - Routine | Score: 2
ICO DISTRICT APTS - OUTDOOR W/P,Condo/Apartment,Date: 1/24/2022 | Inspection Type: 02 - Followup | Score: 
ICO DISTRICT APTS - OUTDOOR W/P,Condo/Apartment,Date: 7/8/2021 | Inspection Type: 01 - Routine | Score: 
ICO DISTRICT APTS - OUTDOOR W/P,Condo/Apartment,Date: 8/28/2020 | Inspection Type: 01 - Routine | Score: 
ICO FAIRBOURNE II - W/P,Condo/Apartment,"Name: ICO FAIRBOURNE II - W/P | Address: 2986 W LEHMAN AVE | City/State/ZIP: WEST VALLEY CITY, UT 84119 | Phone: (801) 869-6999"
ICO FAIRBOURNE II - W/P,Condo/Apartment,Date: 8/14/2025 | Inspection Type: 01 - Routine | Score: 
ICO FAIRBOURNE II - W/P,Condo/Apartment,Date: 8/15/2024 | Inspection Type: 01 - Routine | Score: 6
ICO FAIRBOURNE II - W/P,Condo/Apartment,Date: 11/29/2023 | Inspection Type: 01 - Routine | Score: 
ICO FAIRBOURNE II - W/P,Condo/Apartment,Date: 9/21/2023 | Inspection Type: 02 - Followup | Score: 
ICO FAIRBOURNE II - W/P,Condo/Apartment,Date: 4/21/2023 | Inspection Type: 02 - Followup | Score: 4
ICO FAIRBOURNE II - W/P,Condo/Apartment,Date: 3/13/2023 | Inspection Type: 03 - Complaint Investigation | Score: 
ICO FAIRBOURNE II - W/P,Condo/Apartment,Date: 2/15/2023 | Inspection Type: 02 - Followup | Score: 
ICO FAIRBOURNE II - W/P,Condo/Apartment,Date: 12/8/2022 | Inspection Type: 02 - Followup | Score: 
ICO FAIRBOURNE II - W/P,Condo/Apartment,Date: 8/23/2022 | Inspection Type: 01 - Routine | Score: 
ICO FAIRBOURNE II - W/P,Condo/Apartment,Date: 5/26/2022 | Inspection Type: 07 - Critical Item | Score: 
ICO FAIRBOURNE STATION - POOL,Condo/Apartment,"Name: ICO FAIRBOURNE STATION - POOL | Address: 2900 W LEHMAN AVE | City/State/ZIP: WEST VALLEY CITY, UT 84119 | Phone: (801) 869-6999"
ICO FAIRBOURNE STATION - POOL,Condo/Apartment,Date: 8/14/2025 | Inspection Type: 01 - Routine | Score: 2
ICO FAIRBOURNE STATION - POOL,Condo/Apartment,Date: 9/3/2024 | Inspection Type: 01 - Routine | Score: 2
ICO FAIRBOURNE STATION - POOL,Condo/Apartment,Date: 8/4/2023 | Inspection Type: 01 - Routine | Score: 2
ICO FAIRBOURNE STATION - POOL,Condo/Apartment,Date: 5/10/2022 | Inspection Type: 01 - Routine | Score: 
ICO FAIRBOURNE STATION - POOL,Condo/Apartment,Date: 5/24/2021 | Inspection Type: 01 - Routine | Score: 
ICO FAIRBOURNE STATION - POOL,Condo/Apartment,Date: 6/2/2020 | Inspection Type: 07 - Critical Item | Score: 
ICO FAIRBOURNE STATION - POOL,Condo/Apartment,Date: 4/30/2019 | Inspection Type: 01 - Routine | Score: 
ICO FAIRBOURNE STATION - POOL,Condo/Apartment,Date: 7/27/2018 | Inspection Type: 07 - Critical Item | Score: 
ICO FAIRBOURNE STATION - POOL,Condo/Apartment,Date: 6/6/2018 | Inspection Type: 01 - Routine | Score: 
ICO FAIRBOURNE STATION - POOL,Condo/Apartment,Date: 6/2/2017 | Inspection Type: 01 - Routine | Score: 
ICO FAIRBOURNE STATION- W/P,Condo/Apartment,"Name: ICO FAIRBOURNE STATION- W/P | Address: 2900 W LEHMAN AVE | City/State/ZIP: WEST VALLEY CITY, UT 84119 | Phone: (801) 869-6999"
ICO FAIRBOURNE STATION- W/P,Condo/Apartment,Date: 1/9/2026 | Inspection Type: 02 - Followup | Score: 
ICO FAIRBOURNE STATION- W/P,Condo/Apartment,Date: 11/25/2025 | Inspection Type: 02 - Followup | Score: 
ICO FAIRBOURNE STATION- W/P,Condo/Apartment,Date: 8/14/2025 | Inspection Type: 01 - Routine | Score: 3
ICO FAIRBOURNE STATION- W/P,Condo/Apartment,Date: 9/3/2024 | Inspection Type: 01 - Routine | Score: 3
ICO FAIRBOURNE STATION- W/P,Condo/Apartment,Date: 11/29/2023 | Inspection Type: 02 - Followup | Score: 
ICO FAIRBOURNE STATION- W/P,Condo/Apartment,Date: 8/4/2023 | Inspection Type: 01 - Routine | Score: 
ICO FAIRBOURNE STATION- W/P,Condo/Apartment,Date: 4/24/2023 | Inspection Type: 02 - Followup | Score: 
ICO FAIRBOURNE STATION- W/P,Condo/Apartment,Date: 10/17/2022 | Inspection Type: 01 - Routine | Score: 
ICO FAIRBOURNE STATION- W/P,Condo/Apartment,Date: 10/12/2021 | Inspection Type: 01 - Routine | Score: 
ICO FAIRBOURNE STATION- W/P,Condo/Apartment,Date: 10/28/2020 | Inspection Type: 01 - Routine | Score: 
ICO FORT UNION APTS - POOL,Condo/Apartment,"Name: ICO FORT UNION APTS - POOL | Address: 1171 E BROADWING LN | City/State/ZIP: COTTONWOOD HEIGHTS, UT 84121 | Phone: (385) .22-5.42"
ICO FORT UNION APTS - POOL,Condo/Apartment,Date: 7/8/2026 | Inspection Type: 01 - Routine | Score: 3
ICO FORT UNION APTS - POOL,Condo/Apartment,Date: 5/2/2025 | Inspection Type: 01 - Routine | Score: 
ICO FORT UNION APTS- W/P,Condo/Apartment,"Name: ICO FORT UNION APTS- W/P | Address: 1171 E BROADWING LN | City/State/ZIP: COTTONWOOD HEIGHTS, UT 84121 | Phone: (385) .22-5.42"
ICO FORT UNION APTS- W/P,Condo/Apartment,Date: 7/8/2026 | Inspection Type: 01 - Routine | Score: 
ICO FORT UNION APTS- W/P,Condo/Apartment,Date: 3/12/2025 | Inspection Type: 01 - Routine | Score: 2
ICO VISTA STATION NORTH - POOL,Condo/Apartment,"Name: ICO VISTA STATION NORTH - POOL | Address: 13152 S VISTA STATION BLVD | City/State/ZIP: DRAPER, UT 84020 | Phone: (385) 312-8700"
ICO VISTA STATION NORTH - POOL,Condo/Apartment,Date: 4/13/2026 | Inspection Type: 01 - Routine | Score: 
ICO VISTA STATION NORTH - POOL,Condo/Apartment,Date: 5/1/2025 | Inspection Type: 01 - Routine | Score: 
ICO VISTA STATION NORTH - POOL,Condo/Apartment,Date: 5/2/2024 | Inspection Type: 01 - Routine | Score: 
ICO VISTA STATION NORTH - POOL,Condo/Apartment,Date: 7/5/2023 | Inspection Type: 01 - Routine | Score: 
ICO VISTA STATION NORTH - POOL,Condo/Apartment,Date: 7/6/2022 | Inspection Type: 01 - Routine | Score: 
ICO VISTA STATION NORTH - POOL,Condo/Apartment,Date: 7/12/2021 | Inspection Type: 01 - Routine | Score: 1
ICO VISTA STATION NORTH - POOL,Condo/Apartment,Date: 7/12/2021 | Inspection Type: 01 - Routine | Score: 
ICO VISTA STATION NORTH - POOL,Condo/Apartment,Date: 8/28/2020 | Inspection Type: 01 - Routine | Score: 1
ICO VISTA STATION NORTH - W/P,Condo/Apartment,"Name: ICO VISTA STATION NORTH - W/P | Address: 13152 S VISTA STATION BLVD | City/State/ZIP: DRAPER, UT 84020 | Phone: (385) 312-8700"
ICO VISTA STATION NORTH - W/P,Condo/Apartment,Date: 1/13/2026 | Inspection Type: 01 - Routine | Score: 
ICO VISTA STATION NORTH - W/P,Condo/Apartment,Date: 8/11/2025 | Inspection Type: 02 - Followup | Score: 
ICO VISTA STATION NORTH - W/P,Condo/Apartment,Date: 2/18/2025 | Inspection Type: 02 - Followup | Score: 
ICO VISTA STATION NORTH - W/P,Condo/Apartment,Date: 2/13/2025 | Inspection Type: 02 - Followup | Score: 4
ICO VISTA STATION NORTH - W/P,Condo/Apartment,Date: 1/9/2025 | Inspection Type: 01 - Routine | Score: 
ICO VISTA STATION NORTH - W/P,Condo/Apartment,Date: 1/8/2024 | Inspection Type: 01 - Routine | Score: 
ICO VISTA STATION NORTH - W/P,Condo/Apartment,Date: 1/11/2023 | Inspection Type: 01 - Routine | Score: 
ICO VISTA STATION NORTH - W/P,Condo/Apartment,Date: 7/20/2021 | Inspection Type: 01 - Routine | Score: 
ICO VISTA STATION NORTH - W/P,Condo/Apartment,Date: 8/28/2020 | Inspection Type: 01 - Routine | Score: 
ICON 9700 APARTMENTS - W/P,Condo/Apartment,"Name: ICON 9700 APARTMENTS - W/P | Address: 9678 S KALINA WY | City/State/ZIP: SANDY, UT 84092 | Phone: (385) 421-5998"
ICON 9700 APARTMENTS - W/P,Condo/Apartment,Date: 4/16/2026 | Inspection Type: 01 - Routine | Score: 1
ICON 9700 APARTMENTS - W/P,Condo/Apartment,Date: 2/23/2026 | Inspection Type: 02 - Followup | Score: 
ICON 9700 APTS - POOL,Condo/Apartment,"Name: ICON 9700 APTS - POOL | Address: 9678 S KALINA WY | City/State/ZIP: SANDY, UT 84092 | Phone: (385) 421-5998"
ICON 9700 APTS - POOL,Condo/Apartment,Date: 4/16/2026 | Inspection Type: 01 - Routine | Score: 2
ICONIC HAIR SALON,Home Cosmetology,"Name: ICONIC HAIR SALON | Address: 13118 S TWISTED OAK DR | City/State/ZIP: HERRIMAN, UT 84096 | Phone: (949) 422-4189"
ICONIC HAIR SALON,Home Cosmetology,Date: 6/6/2025 | Inspection Type: 07 - Critical Item | Score: 
ICONIC HAIR SALON,Home Cosmetology,Date: 3/26/2025 | Inspection Type: 01 - Routine | Score: 
ICONIC HAIR SALON,Home Cosmetology,Date: 3/20/2024 | Inspection Type: 01 - Routine | Score: 
ICONIC MD LLC,Regular Cosmetology,"Name: ICONIC MD LLC | Address: 268 E 12200 S | City/State/ZIP: DRAPER, UT 84088 | Phone: (801) 520-3356"
ICONIC MD LLC,Regular Cosmetology,Date: 12/2/2025 | Inspection Type: 01 - Routine | Score: 
ICONIC MD LLC,Regular Cosmetology,Date: 12/17/2024 | Inspection Type: 01 - Routine | Score: 
ICONIC MD LLC,Regular Cosmetology,Date: 12/13/2023 | Inspection Type: 01 - Routine | Score: 
ICONIC MD LLC,Regular Cosmetology,Date: 1/4/2023 | Inspection Type: 01 - Routine | Score: 
ICONIC MD LLC,Regular Cosmetology,Date: 1/5/2022 | Inspection Type: 01 - Routine | Score: 
ICONIC MD LLC,Regular Cosmetology,Date: 1/7/2021 | Inspection Type: 01 - Routine | Score: 
ICONIC MD LLC,Regular Cosmetology,Date: 1/15/2020 | Inspection Type: 01 - Routine | Score: 
ICONIC MD LLC,Regular Cosmetology,Date: 7/13/2016 | Inspection Type: 01 - Routine | Score: 
ICONIC MD LLC,Regular Cosmetology,Date: 7/2/2014 | Inspection Type: 01 - Routine | Score: 4
ICONIC SKIN LLC,Regular Esthetician,"Name: ICONIC SKIN LLC | Address: 2145 E 2100 S | City/State/ZIP: SALT LAKE CITY, UT 84108 | Phone: (801) 830-5640"
ICONIC SKIN LLC,Regular Massage,"Name: ICONIC SKIN LLC | Address: 2145 E 2100 S | City/State/ZIP: SALT LAKE CITY, UT 84108 | Phone: (801) 830-5640"
IFSC CLIMBING WORLD CUP BOULDER SLC 2025,Mass Gathering,"Name: IFSC CLIMBING WORLD CUP BOULDER SLC 2025 | Address: 440 W 800 S | City/State/ZIP: SALT LAKE CITY, UT 84101 | Phone: (801) 618-0740"
IFSC CLIMBING WORLD CUP BOULDER SLC 2025,Mass Gathering,Date: 5/23/2025 | Inspection Type: 01 - Routine | Score: 1
IJ AND JEANNE WAGNER JEWISH COMMUNITY (PRE-SCHOOL),Child Care Centers: Licensed,"Name: IJ AND JEANNE WAGNER JEWISH COMMUNITY (PRE-SCHOOL) | Address: 2 N MEDICAL DR | City/State/ZIP: SALT LAKE CITY, UT 84113 | Phone: (801) 581-0098 | Rank: Not ranked"
IJ AND JEANNE WAGNER JEWISH COMMUNITY (PRE-SCHOOL),Child Care Centers: Licensed,Date: 7/11/2025 | Inspection Type: 01 - Routine | Score: 17 | Critical Violations: 3 | Non-Critical Violations: 2
IJ AND JEANNE WAGNER JEWISH COMMUNITY (PRE-SCHOOL),Child Care Centers: Licensed,Date: 11/2/2023 | Inspection Type: 01 - Routine | Score: 1 | Critical Violations:  | Non-Critical Violations: 1
IJ AND JEANNE WAGNER JEWISH COMMUNITY (PRE-SCHOOL),Child Care Centers: Licensed,Date: 11/19/2021 | Inspection Type: 01 - Routine | Score: 4 | Critical Violations: 1 | Non-Critical Violations: 1
IJ AND JEANNE WAGNER JEWISH COMMUNITY (PRE-SCHOOL),Child Care Centers: Licensed,Date: 3/2/2020 | Inspection Type: 01 - Routine | Score: 7 | Critical Violations: 1 | Non-Critical Violations: 1
IJ AND JEANNE WAGNER JEWISH COMMUNITY (PRE-SCHOOL),Child Care Centers: Licensed,Date: 2/12/2019 | Inspection Type: 01 - Routine | Score: 12 | Critical Violations: 2 | Non-Critical Violations: 
IJ AND JEANNE WAGNER JEWISH COMMUNITY (PRE-SCHOOL),Child Care Centers: Licensed,Date: 1/23/2018 | Inspection Type: 01 - Routine | Score: 14 | Critical Violations: 2 | Non-Critical Violations: 2
IJ AND JEANNE WAGNER JEWISH COMMUNITY (PRE-SCHOOL),Child Care Centers: Licensed,Date: 2/18/2016 | Inspection Type: 01 - Routine | Score: 0 | Critical Violations:  | Non-Critical Violations: 
IJ AND JEANNE WAGNER JEWISH COMMUNITY (PRE-SCHOOL),Child Care Centers: Licensed,Date: 9/29/2014 | Inspection Type: 01 - Routine | Score: 1 | Critical Violations:  | Non-Critical Violations: 1
IKOMA SUSHI,Restaurants: non-plated,"Name: IKOMA SUSHI | Address: 301 W SOUTH TEMPLE | City/State/ZIP: SALT LAKE CITY, UT 84101 | Phone: (801) 244-7039 | Rank: Not ranked"
ILLUMINATE,Mass Gathering,"Name: ILLUMINATE | Address: 350 S 200 E | City/State/ZIP: SALT LAKE CITY, UT 84111 | Phone: "
ILLUMINATE,Mass Gathering,Date: 3/6/2026 | Inspection Type: 01 - Routine | Score: 
ILLUSION HAIR STUDIO,Regular Cosmetology,"Name: ILLUSION HAIR STUDIO | Address: 423 W 800 S | City/State/ZIP: SALT LAKE CITY, UT 84101 | Phone: (801) 328-8509"
ILLUSION HAIR STUDIO,Regular Cosmetology,Date: 6/16/2026 | Inspection Type: 01 - Routine | Score: 1
ILLUSION HAIR STUDIO,Regular Cosmetology,Date: 4/22/2025 | Inspection Type: 01 - Routine | Score: 1
ILLUSION HAIR STUDIO,Regular Cosmetology,Date: 4/23/2024 | Inspection Type: 01 - Routine | Score: 
ILLUSIONS SALON,Regular Cosmetology,"Name: ILLUSIONS SALON | Address: 3898 W INNOVATION DR | City/State/ZIP: RIVERTON, UT 84065 | Phone: (801) 302-2655"
ILLUSIONS SALON,Regular Cosmetology,Date: 5/31/2024 | Inspection Type: 01 - Routine | Score: 1
ILLUSIONS SALON,Regular Cosmetology,Date: 11/21/2022 | Inspection Type: 01 - Routine | Score: 
ILLUSIONS SALON,Regular Cosmetology,Date: 12/2/2021 | Inspection Type: 01 - Routine | Score: 
ILUSION CUTZ,Home Cosmetology,"Name: ILUSION CUTZ | Address: 3004 W AMHERST AVE | City/State/ZIP: WEST VALLEY CITY, UT 84119 | Phone: (385) 255-0349"
ILUSION CUTZ,Home Cosmetology,Date: 3/23/2026 | Inspection Type: 01 - Routine | Score: 
ILUSION CUTZ,Home Cosmetology,Date: 2/21/2025 | Inspection Type: 01 - Routine | Score: 
ILUSION CUTZ,Home Cosmetology,Date: 2/22/2024 | Inspection Type: 01 - Routine | Score: 
IMAGO MEDICAL,Regular Cosmetology,"Name: IMAGO MEDICAL | Address: 22 W FIRECLAY AVE | City/State/ZIP: MURRAY, UT 84107 | Phone: (385) 388-8600"
IMAGO MEDICAL,Regular Cosmetology,Date: 5/20/2026 | Inspection Type: 01 - Routine | Score: 
IMAGO MEDICAL,Regular Cosmetology,Date: 5/28/2025 | Inspection Type: 01 - Routine | Score: 
IMAGO MEDICAL,Regular Cosmetology,Date: 5/21/2024 | Inspection Type: 01 - Routine | Score: 
IMAGO MEDICAL,Regular Cosmetology,Date: 5/15/2023 | Inspection Type: 01 - Routine | Score: 
IMAGO MEDICAL,Regular Cosmetology,Date: 7/29/2022 | Inspection Type: 01 - Routine | Score: 
IMIX COMMISSARY,Commissary,"Name: IMIX COMMISSARY | Address: 1802 S ALEXANDER ST | City/State/ZIP: WEST VALLEY CITY, UT 84119 | Phone: (385) 386-1233 | Rank: Not ranked"
IMMACULATE IMAGERY CO.,Regular Piercing and Tattoo,"Name: IMMACULATE IMAGERY CO. | Address: 363 S 500 E | City/State/ZIP: SALT LAKE CITY, UT 84102 | Phone: (801) 518-5529"
IMPECCABLE BARBERS,Regular Cosmetology,"Name: IMPECCABLE BARBERS | Address: 3544 W 6200 S | City/State/ZIP: TAYLORSVILLE, UT 84129 | Phone: (801) 518-0504"
IMPECCABLE BARBERS,Regular Cosmetology,Date: 2/6/2026 | Inspection Type: 01 - Routine | Score: 3
IN THE CUT BARBERSHOP LLC,Regular Cosmetology,"Name: IN THE CUT BARBERSHOP LLC | Address: 7048 S STATE ST | City/State/ZIP: MIDVALE, UT 84047 | Phone: (801) 666-2099"
IN THE CUT BARBERSHOP LLC,Regular Cosmetology,Date: 6/8/2026 | Inspection Type: 01 - Routine | Score: 
INBALANCE BODYWORK &  MASSAGE,Regular Massage,"Name: INBALANCE BODYWORK &  MASSAGE | Address: 4936 W DESERT SAGE DR | City/State/ZIP: HERRIMAN, UT 84096 | Phone: (801) 699-2942"
INBALANCE BODYWORK &  MASSAGE,Regular Massage,Date: 3/10/2020 | Inspection Type: 01 - Routine | Score: 
INCA POTATO/GATEWAY FIREWORKS,Food Service,"Name: INCA POTATO/GATEWAY FIREWORKS | Address: 10 N RIO GRANDE | City/State/ZIP: SALT LAKE CITY, UT 84111 | Phone: (801) 410-2354"
INCLINE AT ANTHEM APTS - OUTDOOR POOL,Condo/Apartment,"Name: INCLINE AT ANTHEM APTS - OUTDOOR POOL | Address: 11901 S FREEDOM PARK DR | City/State/ZIP: HERRIMAN, UT 84096 | Phone: (801) 727-3800"
INCLINE AT ANTHEM APTS - OUTDOOR POOL,Condo/Apartment,Date: 7/6/2026 | Inspection Type: 02 - Followup | Score: 
INCLINE AT ANTHEM APTS - OUTDOOR POOL,Condo/Apartment,Date: 6/17/2026 | Inspection Type: 02 - Followup | Score: 
INCLINE AT ANTHEM APTS - OUTDOOR POOL,Condo/Apartment,Date: 5/18/2026 | Inspection Type: 01 - Routine | Score: 
INCLINE AT ANTHEM APTS - OUTDOOR POOL,Condo/Apartment,Date: 5/15/2025 | Inspection Type: 01 - Routine | Score: 
INCLINE AT ANTHEM APTS - OUTDOOR POOL,Condo/Apartment,Date: 5/2/2024 | Inspection Type: 01 - Routine | Score: 
INCLINE AT ANTHEM APTS - OUTDOOR POOL,Condo/Apartment,Date: 5/31/2023 | Inspection Type: 01 - Routine | Score: 
INCLINE AT ANTHEM APTS - OUTDOOR W/P,Condo/Apartment,"Name: INCLINE AT ANTHEM APTS - OUTDOOR W/P | Address: 11901 S FREEDOM PARK DR | City/State/ZIP: HERRIMAN, UT 84096 | Phone: (801) 727-3800"
INCLINE AT ANTHEM APTS - OUTDOOR W/P,Condo/Apartment,Date: 6/17/2026 | Inspection Type: 02 - Followup | Score: 
INCLINE AT ANTHEM APTS - OUTDOOR W/P,Condo/Apartment,Date: 4/9/2026 | Inspection Type: 01 - Routine | Score: 2
INCLINE AT ANTHEM APTS - OUTDOOR W/P,Condo/Apartment,Date: 9/18/2025 | Inspection Type: 02 - Followup | Score: 
INCLINE AT ANTHEM APTS - OUTDOOR W/P,Condo/Apartment,Date: 7/9/2025 | Inspection Type: 03 - Complaint Investigation | Score: 
INCLINE AT ANTHEM APTS - OUTDOOR W/P,Condo/Apartment,Date: 5/15/2025 | Inspection Type: 01 - Routine | Score: 
INCLINE AT ANTHEM APTS - OUTDOOR W/P,Condo/Apartment,Date: 3/21/2025 | Inspection Type: 02 - Followup | Score: 
INCLINE AT ANTHEM APTS - OUTDOOR W/P,Condo/Apartment,Date: 2/19/2025 | Inspection Type: 02 - Followup | Score: 
INCLINE AT ANTHEM APTS - OUTDOOR W/P,Condo/Apartment,Date: 8/28/2024 | Inspection Type: 02 - Followup | Score: 
INCLINE AT ANTHEM APTS - OUTDOOR W/P,Condo/Apartment,Date: 5/2/2024 | Inspection Type: 01 - Routine | Score: 
INCLINE AT ANTHEM APTS - OUTDOOR W/P,Condo/Apartment,Date: 11/8/2023 | Inspection Type: 02 - Followup | Score: 
INCLINE TERRACE CONDOS - POOL,Condo/Apartment,"Name: INCLINE TERRACE CONDOS - POOL | Address: 1032 E 400 S | City/State/ZIP: SALT LAKE CITY, UT 84102 | Phone: (801) 355-9591"
INDEPENDENCE DAY DRONE SHOW 2025,Mass Gathering,"Name: INDEPENDENCE DAY DRONE SHOW 2025 | Address: 1060 S 900 W | City/State/ZIP: SALT LAKE CITY, UT 84104 | Phone: (801) 535-6167"
INDEPENDENCE DAY DRONE SHOW 2025,Mass Gathering,Date: 7/5/2025 | Inspection Type: 01 - Routine | Score: 
INDEPENDENCE DAY DRONE SHOW 2026,Mass Gathering,"Name: INDEPENDENCE DAY DRONE SHOW 2026 | Address: 1060 S 900 W | City/State/ZIP: SALT LAKE CITY, UT 84104 | Phone: (801) 535-6167"
INDEPENDENCE DAY DRONE SHOW 2026,Mass Gathering,Date: 7/3/2026 | Inspection Type: 01 - Routine | Score: 
INDIA HOUSE,Restaurants: plated,"Name: INDIA HOUSE | Address: 8660 S STATE ST | City/State/ZIP: SANDY, UT 84070 | Phone: (385) 210-8807 | Rank: Not ranked"
INDIA HOUSE,Restaurants: plated,Date: 1/22/2026 | Inspection Type: 02 - Followup | Score: 1 | Critical Violations:  | Non-Critical Violations: 1
INDIA MELA 2025,Mass Gathering,"Name: INDIA MELA 2025 | Address: 1142 W SOUTH JORDAN PKWY | City/State/ZIP: SOUTH JORDAN, UT 84095 | Phone: (801) 254-9177"
INDIA MELA 2025,Mass Gathering,Date: 9/14/2025 | Inspection Type: 01 - Routine | Score: 
INDIA MELA 2026,Mass Gathering,"Name: INDIA MELA 2026 | Address: 1142 W SOUTH JORDAN PKWY | City/State/ZIP: SOUTH JORDAN, UT 84095 | Phone: (801) 254-9177"
INDIA MELA 2026,Mass Gathering,Date: 6/7/2026 | Inspection Type: 01 - Routine | Score: 1
INDIAN HILLS ELEMENTARY SCHOOL,Schools: preparation,"Name: INDIAN HILLS ELEMENTARY SCHOOL | Address: 2496 E ST MARYS DR | City/State/ZIP: SALT LAKE CITY, UT 84108 | Phone: (801) 974-8380 | Rank: Not ranked"
INDIAN HILLS ELEMENTARY SCHOOL,Schools: preparation,Date: 3/16/2026 | Inspection Type: 01 - Routine | Score: 2 | Critical Violations:  | Non-Critical Violations: 2
INDIAN HILLS ELEMENTARY SCHOOL,Schools: preparation,Date: 9/11/2025 | Inspection Type: 01 - Routine | Score: 1 | Critical Violations:  | Non-Critical Violations: 1
INDIAN HILLS ELEMENTARY SCHOOL,Schools: preparation,Date: 5/5/2025 | Inspection Type: 01 - Routine | Score: 3 | Critical Violations: 1 | Non-Critical Violations: 
INDIAN HILLS ELEMENTARY SCHOOL,Schools: preparation,Date: 11/1/2024 | Inspection Type: 01 - Routine | Score: 0 | Critical Violations:  | Non-Critical Violations: 
INDIAN HILLS ELEMENTARY SCHOOL,Schools: preparation,Date: 4/25/2024 | Inspection Type: 01 - Routine | Score: 7 | Critical Violations: 1 | Non-Critical Violations: 1
INDIAN HILLS ELEMENTARY SCHOOL,Schools: preparation,Date: 9/14/2023 | Inspection Type: 01 - Routine | Score: 0 | Critical Violations:  | Non-Critical Violations: 
INDIAN HILLS ELEMENTARY SCHOOL,Schools: preparation,Date: 5/11/2022 | Inspection Type: 01 - Routine | Score: 12 | Critical Violations: 2 | Non-Critical Violations: 3
INDIAN HILLS ELEMENTARY SCHOOL,Schools: preparation,Date: 10/25/2021 | Inspection Type: 01 - Routine | Score: 0 | Critical Violations:  | Non-Critical Violations: 
INDIAN HILLS ELEMENTARY SCHOOL,Schools: preparation,Date: 11/8/2019 | Inspection Type: 01 - Routine | Score: 1 | Critical Violations:  | Non-Critical Violations: 1
INDIAN HILLS ELEMENTARY SCHOOL,Schools: preparation,Date: 5/8/2019 | Inspection Type: 01 - Routine | Score: 0 | Critical Violations:  | Non-Critical Violations: 
INDIAN HILLS MIDDLE SCHOOL,Schools: preparation,"Name: INDIAN HILLS MIDDLE SCHOOL | Address: 1180 E SANDERS RD | City/State/ZIP: SANDY, UT 84094 | Phone: (801) 826-7102 | Rank: Not ranked"
INDIAN HILLS MIDDLE SCHOOL,Schools: preparation,Date: 3/26/2026 | Inspection Type: 01 - Routine | Score: 13 | Critical Violations: 1 | Non-Critical Violations: 7
INDIAN HILLS MIDDLE SCHOOL,Schools: preparation,Date: 10/9/2025 | Inspection Type: 01 - Routine | Score: 8 | Critical Violations: 1 | Non-Critical Violations: 2
INDIAN HILLS MIDDLE SCHOOL,Schools: preparation,Date: 3/28/2025 | Inspection Type: 01 - Routine | Score: 4 | Critical Violations:  | Non-Critical Violations: 4
INDIAN HILLS MIDDLE SCHOOL,Schools: preparation,Date: 9/12/2024 | Inspection Type: 01 - Routine | Score: 4 | Critical Violations:  | Non-Critical Violations: 4
INDIAN HILLS MIDDLE SCHOOL,Schools: preparation,Date: 4/24/2024 | Inspection Type: 01 - Routine | Score: 2 | Critical Violations:  | Non-Critical Violations: 2
INDIAN HILLS MIDDLE SCHOOL,Schools: preparation,Date: 10/11/2023 | Inspection Type: 01 - Routine | Score: 4 | Critical Violations: 1 | Non-Critical Violations: 1
INDIAN HILLS MIDDLE SCHOOL,Schools: preparation,Date: 5/10/2023 | Inspection Type: 01 - Routine | Score: 1 | Critical Violations:  | Non-Critical Violations: 1
INDIAN HILLS MIDDLE SCHOOL,Schools: preparation,Date: 10/28/2022 | Inspection Type: 01 - Routine | Score: 1 | Critical Violations:  | Non-Critical Violations: 1
INDIAN HILLS MIDDLE SCHOOL,Schools: preparation,Date: 5/4/2022 | Inspection Type: 01 - Routine | Score: 0 | Critical Violations:  | Non-Critical Violations: 
INDIAN HILLS MIDDLE SCHOOL,Schools: preparation,Date: 12/17/2021 | Inspection Type: 01 - Routine | Score: 11 | Critical Violations: 2 | Non-Critical Violations: 2
INDULGE SALON,Cosmetology Trades,"Name: INDULGE SALON | Address: 5524 W 6200 S | City/State/ZIP: KEARNS, UT 84118 | Phone: (801) 840-4600"
INDULGE SALON,Cosmetology Trades,Date: 5/29/2025 | Inspection Type: 07 - Critical Item | Score: 
INFORMskin,Regular Cosmetology,"Name: INFORMskin | Address: 7198 S UNION PARK AVE | City/State/ZIP: MIDVALE, UT 84047 | Phone: (801) 897-8778"
INFORMskin,Regular Cosmetology,Date: 6/1/2026 | Inspection Type: 01 - Routine | Score: 
INFORMskin,Regular Cosmetology,Date: 5/28/2025 | Inspection Type: 01 - Routine | Score: 
INFORMskin,Regular Cosmetology,Date: 6/6/2024 | Inspection Type: 01 - Routine | Score: 
INFORMskin,Regular Cosmetology,Date: 5/25/2023 | Inspection Type: 01 - Routine | Score: 
INFORMskin,Regular Cosmetology,Date: 6/16/2022 | Inspection Type: 01 - Routine | Score: 
INFORMskin,Regular Cosmetology,Date: 4/8/2021 | Inspection Type: 01 - Routine | Score: 
INFORMskin,Regular Cosmetology,Date: 4/24/2019 | Inspection Type: 01 - Routine | Score: 
INFORMskin,Regular Cosmetology,Date: 4/20/2017 | Inspection Type: 01 - Routine | Score: 
INFORMskin,Regular Cosmetology,Date: 5/8/2015 | Inspection Type: 01 - Routine | Score: 
INK GODDESS LLC,Regular Permanent  Cosmetics,"Name: INK GODDESS LLC | Address: 1442 E DRAPER PKWY | City/State/ZIP: DRAPER, UT 84020 | Phone: (801) 928-9666"
INK GODDESS LLC,Regular Permanent  Cosmetics,Date: 9/24/2025 | Inspection Type: 01 - Routine | Score: 
INK GODDESS LLC,Regular Permanent  Cosmetics,Date: 10/8/2024 | Inspection Type: 01 - Routine | Score: 
INK GODDESS LLC,Regular Permanent  Cosmetics,Date: 11/13/2023 | Inspection Type: 01 - Routine | Score: 
INK GODDESS LLC,Regular Permanent  Cosmetics,Date: 12/20/2022 | Inspection Type: 01 - Routine | Score: 
INK GODDESS LLC,Regular Permanent  Cosmetics,Date: 8/3/2022 | Inspection Type: 01 - Routine | Score: 
INK HAVEN,Regular Piercing and Tattoo,"Name: INK HAVEN | Address: 59 W 100 S | City/State/ZIP: SALT LAKE CITY, UT 84101 | Phone: (229) 269-0831"
INK HAVEN,Regular Piercing and Tattoo,Date: 6/10/2026 | Inspection Type: 01 - Routine | Score: 2
INK HAVEN,Regular Piercing and Tattoo,Date: 6/20/2025 | Inspection Type: 01 - Routine | Score: 2
INN AT SNOWBIRD - POOL,Hotel,"Name: INN AT SNOWBIRD - POOL | Address: 9202 E LODGE DR | City/State/ZIP: SALT LAKE CITY, UT 84092 | Phone: (801) 933-2246"
INN AT SNOWBIRD - POOL,Hotel,Date: 1/29/2026 | Inspection Type: 01 - Routine | Score: 2
INN AT SNOWBIRD - POOL,Hotel,Date: 2/21/2025 | Inspection Type: 01 - Routine | Score: 3
INN AT SNOWBIRD - POOL,Hotel,Date: 9/22/2023 | Inspection Type: 01 - Routine | Score: 4
INN AT SNOWBIRD - POOL,Hotel,Date: 3/17/2022 | Inspection Type: 01 - Routine | Score: 3
INN AT SNOWBIRD - POOL,Hotel,Date: 6/26/2020 | Inspection Type: 07 - Critical Item | Score: 
INN AT SNOWBIRD - POOL,Hotel,Date: 2/25/2019 | Inspection Type: 01 - Routine | Score: 
INN AT SNOWBIRD - POOL,Hotel,Date: 3/13/2018 | Inspection Type: 01 - Routine | Score: 3
INN AT SNOWBIRD - POOL,Hotel,Date: 3/24/2017 | Inspection Type: 01 - Routine | Score: 2
INN AT SNOWBIRD - POOL,Hotel,Date: 3/31/2016 | Inspection Type: 01 - Routine | Score: 3
INN AT SNOWBIRD - POOL,Hotel,Date: 3/17/2015 | Inspection Type: 01 - Routine | Score: 
INN AT SNOWBIRD - W/P,Hotel,"Name: INN AT SNOWBIRD - W/P | Address: 9202 E LODGE DR | City/State/ZIP: SALT LAKE CITY, UT 84092 | Phone: (801) 933-2282"
INN AT SNOWBIRD - W/P,Hotel,Date: 2/11/2026 | Inspection Type: 07 - Critical Item | Score: 
INN AT SNOWBIRD - W/P,Hotel,Date: 1/29/2026 | Inspection Type: 01 - Routine | Score: 3
INN AT SNOWBIRD - W/P,Hotel,Date: 2/21/2025 | Inspection Type: 01 - Routine | Score: 2
INN AT SNOWBIRD - W/P,Hotel,Date: 2/29/2024 | Inspection Type: 02 - Followup | Score: 
INN AT SNOWBIRD - W/P,Hotel,Date: 9/22/2023 | Inspection Type: 01 - Routine | Score: 2
INN AT SNOWBIRD - W/P,Hotel,Date: 3/17/2022 | Inspection Type: 01 - Routine | Score: 3
INN AT SNOWBIRD - W/P,Hotel,Date: 6/26/2020 | Inspection Type: 07 - Critical Item | Score: 
INN AT SNOWBIRD - W/P,Hotel,Date: 2/25/2019 | Inspection Type: 01 - Routine | Score: 
INN AT SNOWBIRD - W/P,Hotel,Date: 3/13/2018 | Inspection Type: 01 - Routine | Score: 4
INN AT SNOWBIRD - W/P,Hotel,Date: 3/24/2017 | Inspection Type: 01 - Routine | Score: 4
INN AT SOLITUDE,HOTEL/MOTEL,"Name: INN AT SOLITUDE | Address: 12000 E BIG COTTONWOOD RD | City/State/ZIP: SALT LAKE COUNTY, UT 84121 | Phone: (801) 536-5715"
INN AT SOLITUDE,HOTEL/MOTEL,Date: 8/13/2025 | Inspection Type: 01 - Routine | Score: 
INN AT SOLITUDE,HOTEL/MOTEL,Date: 8/5/2024 | Inspection Type: 01 - Routine | Score: 
INN AT SOLITUDE,HOTEL/MOTEL,Date: 8/18/2023 | Inspection Type: 01 - Routine | Score: 4
INN AT SOLITUDE,HOTEL/MOTEL,Date: 4/26/2022 | Inspection Type: 01 - Routine | Score: 
INN AT SOLITUDE,HOTEL/MOTEL,Date: 3/20/2019 | Inspection Type: 01 - Routine | Score: 1
INN AT SOLITUDE,HOTEL/MOTEL,Date: 1/16/2018 | Inspection Type: 01 - Routine | Score: 1
INN AT SOLITUDE,HOTEL/MOTEL,Date: 2/13/2017 | Inspection Type: 01 - Routine | Score: 1
INN AT SOLITUDE,HOTEL/MOTEL,Date: 2/24/2016 | Inspection Type: 01 - Routine | Score: 3
INN AT SOLITUDE,HOTEL/MOTEL,Date: 12/11/2014 | Inspection Type: 01 - Routine | Score: 1
INN AT SOLITUDE,HOTEL/MOTEL,Date: 11/22/2013 | Inspection Type: 01 - Routine | Score: 
INN AT SOLITUDE - POOL,Hotel,"Name: INN AT SOLITUDE - POOL | Address: 12000 E COTTONWOOD CYN | City/State/ZIP: SALT LAKE CITY, UT 84121 | Phone: (801) 536-5715"
INN AT SOLITUDE - POOL,Hotel,Date: 3/17/2026 | Inspection Type: 01 - Routine | Score: 2
INN AT SOLITUDE - POOL,Hotel,Date: 3/4/2025 | Inspection Type: 01 - Routine | Score: 4
INN AT SOLITUDE - POOL,Hotel,Date: 3/11/2024 | Inspection Type: 01 - Routine | Score: 3
INN AT SOLITUDE - POOL,Hotel,Date: 2/28/2023 | Inspection Type: 01 - Routine | Score: 1
INN AT SOLITUDE - POOL,Hotel,Date: 3/1/2022 | Inspection Type: 01 - Routine | Score: 4
INN AT SOLITUDE - W/P,Hotel,"Name: INN AT SOLITUDE - W/P | Address: 12000 E COTTONWOOD CYN | City/State/ZIP: SALT LAKE CITY, UT 84121 | Phone: (801) 536-5715"
INN AT SOLITUDE - W/P,Hotel,Date: 3/19/2026 | Inspection Type: 01 - Routine | Score: 2
INN AT SOLITUDE - W/P,Hotel,Date: 3/4/2025 | Inspection Type: 01 - Routine | Score: 
INN AT SOLITUDE - W/P,Hotel,Date: 3/11/2024 | Inspection Type: 01 - Routine | Score: 1
INN AT SOLITUDE - W/P,Hotel,Date: 10/10/2023 | Inspection Type: 02 - Followup | Score: 
INN AT SOLITUDE - W/P,Hotel,Date: 3/6/2023 | Inspection Type: 01 - Routine | Score: 
INN AT SOLITUDE - W/P,Hotel,Date: 4/25/2022 | Inspection Type: 02 - Followup | Score: 4
INN AT SOLITUDE - W/P,Hotel,Date: 3/1/2022 | Inspection Type: 01 - Routine | Score: 4
INN BETWEEN,Group Homes,"Name: INN BETWEEN | Address: 1216 E 1300 S | City/State/ZIP: SALT LAKE CITY, UT 84105 | Phone: (801) 313-1011 | Rank: Not ranked"
INN BETWEEN,Group Homes,Date: 3/9/2026 | Inspection Type: 01 - Routine | Score: 9 | Critical Violations: 2 | Non-Critical Violations: 3
INN BETWEEN,Group Homes,Date: 5/28/2025 | Inspection Type: 01 - Routine | Score: 16 | Critical Violations: 2 | Non-Critical Violations: 4
INN BETWEEN,Group Homes,Date: 6/13/2023 | Inspection Type: 01 - Routine | Score: 10 | Critical Violations: 1 | Non-Critical Violations: 7
INN BETWEEN,Group Homes,Date: 6/21/2021 | Inspection Type: 01 - Routine | Score: 2 | Critical Violations:  | Non-Critical Violations: 2
INN BETWEEN,Group Homes,Date: 8/16/2019 | Inspection Type: 01 - Routine | Score: 6 | Critical Violations: 1 | Non-Critical Violations: 3
INN BETWEEN,Group Homes,Date: 2/13/2019 | Inspection Type: 01 - Routine | Score: 24 | Critical Violations: 3 | Non-Critical Violations: 6
INN BETWEEN,Group Homes,Date: 8/10/2018 | Inspection Type: 01 - Routine | Score: 31 | Critical Violations: 6 | Non-Critical Violations: 4
INN BETWEEN,Group Homes,Date: 6/29/2018 | Inspection Type: 02 - Followup | Score: 2 | Critical Violations:  | Non-Critical Violations: 2
INNATE BODYWORK LLC,Regular Massage,"Name: INNATE BODYWORK LLC | Address: 244 W 300 N | City/State/ZIP: SALT LAKE CITY, UT 84103 | Phone: (801) 919-9101"
INNER CONNECTIONS MASSAGE,Regular Massage,"Name: INNER CONNECTIONS MASSAGE | Address: 208 E 800 S | City/State/ZIP: SALT LAKE CITY, UT 84111 | Phone: (801) 918-9169"
INNER PEACE SKIN,Regular Esthetician,"Name: INNER PEACE SKIN | Address: 4770 S 900 E | City/State/ZIP: SALT LAKE CITY, UT 84117 | Phone: (801) 889-9995"
INNER PEACE SKIN,Regular Esthetician,Date: 2/23/2026 | Inspection Type: 01 - Routine | Score: 
INNOVATIVE STUDIO LLC,Regular Cosmetology,"Name: INNOVATIVE STUDIO LLC | Address: 13222 S TREE SPARROW DR | City/State/ZIP: RIVERTON, UT 84096 | Phone: (801) 850-1703"
INNOVATIVE STUDIO LLC,Regular Cosmetology,Date: 7/21/2025 | Inspection Type: 01 - Routine | Score: 
INSCRIBED BEAUTY LLC,Regular Permanent  Cosmetics,"Name: INSCRIBED BEAUTY LLC | Address: 7378 S PLAZA CENTER DR | City/State/ZIP: WEST JORDAN, UT 84084 | Phone: (703) 282-0333"
INSOMNIA TATTOOING,Regular Piercing and Tattoo,"Name: INSOMNIA TATTOOING | Address: 363 S 500 E | City/State/ZIP: SALT LAKE CITY, UT 84102 | Phone: (385) 210-7763"
INSPIRATION SPA CARE LLC,Cosmetology Trades,"Name: INSPIRATION SPA CARE LLC | Address: 1628 W 700 N | City/State/ZIP: SALT LAKE CITY, UT 84116 | Phone: (801) 410-8295"
INSPIRED BY LUCY LLC,Cosmetology Trades,"Name: INSPIRED BY LUCY LLC | Address: 248 E WINCHESTER ST | City/State/ZIP: MURRAY, UT 84107 | Phone: (801) 205-6987"
INSPIRED BY LUCY LLC,Cosmetology Trades,Date: 1/9/2026 | Inspection Type: 01 - Routine | Score: 
INSPIRED BY LUCY LLC,Regular Piercing and Tattoo,"Name: INSPIRED BY LUCY LLC | Address: 248 E WINCHESTER ST | City/State/ZIP: MURRAY, UT 84107 | Phone: (801) 205-6987"
INSPIRED BY LUCY LLC,Regular Piercing and Tattoo,Date: 1/9/2026 | Inspection Type: 01 - Routine | Score: 3
INTEGRATED BEAUTY SOLUTION,Regular Cosmetology,"Name: INTEGRATED BEAUTY SOLUTION | Address: 2480 S MAIN ST | City/State/ZIP: SOUTH SALT LAKE, UT 84115 | Phone: (801) 433-8483"
INTEGRATED BEAUTY SOLUTION,Regular Cosmetology,Date: 4/28/2025 | Inspection Type: 01 - Routine | Score: 
INTEGRATED BEAUTY SOLUTION,Regular Cosmetology,Date: 5/7/2024 | Inspection Type: 01 - Routine | Score: 
INTEGRATED BEAUTY SOLUTION,Regular Cosmetology,Date: 5/11/2023 | Inspection Type: 01 - Routine | Score: 
INTEGRATED BODY WORKS,Regular Massage,"Name: INTEGRATED BODY WORKS | Address: 4010 S 2700 E | City/State/ZIP: HOLLADAY, UT 84124 | Phone: (801) 712-8108"
INTEGRATED BODY WORKS,Regular Massage,Date: 12/3/2018 | Inspection Type: 01 - Routine | Score: 
INTEGRATED BODY WORKS,Regular Massage,Date: 6/7/2017 | Inspection Type: 01 - Routine | Score: 1
INTEGRATED BODY WORKS,Regular Massage,Date: 3/9/2016 | Inspection Type: 01 - Routine | Score: 1
INTEGRATED BODY WORKS,Regular Massage,Date: 3/9/2015 | Inspection Type: 01 - Routine | Score: 
INTEGRATED BODY WORKS,Regular Massage,Date: 3/13/2014 | Inspection Type: 01 - Routine | Score: 
INTEGRATED BODY WORKS,Regular Massage,Date: 3/6/2013 | Inspection Type: 01 - Routine | Score: 
INTEGRATED BODY WORKS,Regular Massage,Date: 3/7/2012 | Inspection Type: 01 - Routine | Score: 
INTEGRATED BODY WORKS,Regular Massage,Date: 2/10/2011 | Inspection Type: 01 - Routine | Score: 
INTEGRATED BODY WORKS,Regular Massage,Date: 2/4/2010 | Inspection Type: 01 - Routine | Score: 
INTEGRATED BODY WORKS,Regular Massage,Date: 2/5/2009 | Inspection Type: 01 - Routine | Score: 3
INTERMOUNTAIN MEDICAL CENTER - KITCHEN,"Care Facilities: Hospitals, Nursing Homes, etc","Name: INTERMOUNTAIN MEDICAL CENTER - KITCHEN | Address: 5121 S COTTONWOOD ST | City/State/ZIP: MURRAY, UT 84107 | Phone: (801) 507-6090 | Rank: Not ranked"
INTERMOUNTAIN MEDICAL CENTER - KITCHEN,"Care Facilities: Hospitals, Nursing Homes, etc",Date: 11/19/2025 | Inspection Type: 01 - Routine | Score: 30 | Critical Violations: 4 | Non-Critical Violations: 9
INTERMOUNTAIN MEDICAL CENTER - KITCHEN,"Care Facilities: Hospitals, Nursing Homes, etc",Date: 12/17/2024 | Inspection Type: 01 - Routine | Score: 21 | Critical Violations: 3 | Non-Critical Violations: 6
INTERMOUNTAIN MEDICAL CENTER - KITCHEN,"Care Facilities: Hospitals, Nursing Homes, etc",Date: 8/13/2024 | Inspection Type: 01 - Routine | Score: 13 | Critical Violations: 1 | Non-Critical Violations: 10
INTERMOUNTAIN MEDICAL CENTER - KITCHEN,"Care Facilities: Hospitals, Nursing Homes, etc",Date: 3/12/2024 | Inspection Type: 01 - Routine | Score: 23 | Critical Violations: 3 | Non-Critical Violations: 8
INTERMOUNTAIN MEDICAL CENTER - KITCHEN,"Care Facilities: Hospitals, Nursing Homes, etc",Date: 10/25/2023 | Inspection Type: 01 - Routine | Score: 15 | Critical Violations:  | Non-Critical Violations: 15
INTERMOUNTAIN MEDICAL CENTER - KITCHEN,"Care Facilities: Hospitals, Nursing Homes, etc",Date: 5/31/2023 | Inspection Type: 01 - Routine | Score: 19 | Critical Violations: 2 | Non-Critical Violations: 7
INTERMOUNTAIN MEDICAL CENTER - KITCHEN,"Care Facilities: Hospitals, Nursing Homes, etc",Date: 7/29/2022 | Inspection Type: 01 - Routine | Score: 16 | Critical Violations: 2 | Non-Critical Violations: 7
INTERMOUNTAIN MEDICAL CENTER - KITCHEN,"Care Facilities: Hospitals, Nursing Homes, etc",Date: 12/21/2021 | Inspection Type: 01 - Routine | Score: 4 | Critical Violations:  | Non-Critical Violations: 4
INTERMOUNTAIN MEDICAL CENTER - KITCHEN,"Care Facilities: Hospitals, Nursing Homes, etc",Date: 8/21/2020 | Inspection Type: 01 - Routine | Score: 6 | Critical Violations: 1 | Non-Critical Violations: 3
INTERMOUNTAIN MEDICAL CENTER - KITCHEN,"Care Facilities: Hospitals, Nursing Homes, etc",Date: 12/9/2019 | Inspection Type: 01 - Routine | Score: 12 | Critical Violations: 2 | Non-Critical Violations: 6
INTERMOUNTAIN RIGGING AND HEAVY HAUL,Liquid Waste - Oil & Grease,"Name: INTERMOUNTAIN RIGGING AND HEAVY HAUL | Address: 961 S PIONEER RD | City/State/ZIP: SALT LAKE CITY, UT 84104 | Phone: (801) 972-5581"
INTERMOUNTAIN RIGGING AND HEAVY HAUL,Liquid Waste - Oil & Grease,Date: 10/7/2025 | Inspection Type: 01 - Routine | Score: 
INTERMOUNTAIN RIGGING AND HEAVY HAUL,Liquid Waste - Oil & Grease,Date: 10/8/2024 | Inspection Type: 01 - Routine | Score: 
INTERMOUNTAIN RIVERTON HOSP/HAWAIIAN LUAU,Food Service,"Name: INTERMOUNTAIN RIVERTON HOSP/HAWAIIAN LUAU | Address: 3741 W 12600 S | City/State/ZIP: RIVERTON, UT 84065 | Phone: (801) 285-2035"
INTERMOUNTAIN RIVERTON HOSP/OCTOBERFEST,Food Service,"Name: INTERMOUNTAIN RIVERTON HOSP/OCTOBERFEST | Address: 3741 W 12600 S | City/State/ZIP: RIVERTON, UT 84065 | Phone: (801) 285-2035"
INTERMOUNTAIN RIVERTON HOSP/PARTY ON THE PATIO,Food Service,"Name: INTERMOUNTAIN RIVERTON HOSP/PARTY ON THE PATIO | Address: 3741 W 12600 S | City/State/ZIP: RIVERTON, UT 84065 | Phone: (801) 286-2035"
INTERMOUNTAIN RIVERTON HOSPITAL,"Care Facilities: Hospitals, Nursing Homes, etc","Name: INTERMOUNTAIN RIVERTON HOSPITAL | Address: 3741 W 12600 S | City/State/ZIP: RIVERTON, UT 84065 | Phone: (801) 285-2035 | Rank: Not ranked"
INTERMOUNTAIN RIVERTON HOSPITAL,"Care Facilities: Hospitals, Nursing Homes, etc",Date: 2/26/2026 | Inspection Type: 01 - Routine | Score: 13 | Critical Violations: 2 | Non-Critical Violations: 4
INTERMOUNTAIN RIVERTON HOSPITAL,"Care Facilities: Hospitals, Nursing Homes, etc",Date: 10/28/2025 | Inspection Type: 01 - Routine | Score: 21 | Critical Violations: 3 | Non-Critical Violations: 3
INTERMOUNTAIN RIVERTON HOSPITAL,"Care Facilities: Hospitals, Nursing Homes, etc",Date: 2/12/2025 | Inspection Type: 01 - Routine | Score: 2 | Critical Violations:  | Non-Critical Violations: 3
INTERMOUNTAIN RIVERTON HOSPITAL,"Care Facilities: Hospitals, Nursing Homes, etc",Date: 10/23/2024 | Inspection Type: 01 - Routine | Score: 3 | Critical Violations:  | Non-Critical Violations: 3
INTERMOUNTAIN RIVERTON HOSPITAL,"Care Facilities: Hospitals, Nursing Homes, etc",Date: 6/13/2024 | Inspection Type: 01 - Routine | Score: 0 | Critical Violations:  | Non-Critical Violations: 
INTERMOUNTAIN RIVERTON HOSPITAL,"Care Facilities: Hospitals, Nursing Homes, etc",Date: 2/13/2024 | Inspection Type: 01 - Routine | Score: 9 | Critical Violations: 2 | Non-Critical Violations: 3
INTERMOUNTAIN RIVERTON HOSPITAL,"Care Facilities: Hospitals, Nursing Homes, etc",Date: 10/11/2023 | Inspection Type: 01 - Routine | Score: 31 | Critical Violations: 6 | Non-Critical Violations: 7
INTERMOUNTAIN RIVERTON HOSPITAL,"Care Facilities: Hospitals, Nursing Homes, etc",Date: 7/14/2022 | Inspection Type: 01 - Routine | Score: 13 | Critical Violations: 2 | Non-Critical Violations: 1
INTERMOUNTAIN RIVERTON HOSPITAL,"Care Facilities: Hospitals, Nursing Homes, etc",Date: 1/31/2022 | Inspection Type: 01 - Routine | Score: 22 | Critical Violations: 3 | Non-Critical Violations: 4
INTERMOUNTAIN RIVERTON HOSPITAL,"Care Facilities: Hospitals, Nursing Homes, etc",Date: 12/30/2019 | Inspection Type: 01 - Routine | Score: 17 | Critical Violations: 4 | Non-Critical Violations: 2
INTERNATIONAL ARTS & CRAFTS FESTIVAL 2025,Mass Gathering,"Name: INTERNATIONAL ARTS & CRAFTS FESTIVAL 2025 | Address: 12500 S 1300 E | City/State/ZIP: DRAPER, UT 84020 | Phone: (801) 576-6584"
INTERNATIONAL ARTS & CRAFTS FESTIVAL 2025,Mass Gathering,Date: 9/13/2025 | Inspection Type: 01 - Routine | Score: 
INTERNATIONAL PAPER,Recycler - Paper,"Name: INTERNATIONAL PAPER | Address: 2590 W 1500 S | City/State/ZIP: SALT LAKE CITY, UT 84104 | Phone: (801) 973-2082"
INTERNATIONAL PAPER,Recycler - Paper,Date: 4/16/2026 | Inspection Type: 01 - Routine | Score: 
INTERNATIONAL PAPER,Recycler - Paper,Date: 8/26/2024 | Inspection Type: 01 - Routine | Score: 
INTERNATIONAL PAPER,Recycler - Paper,Date: 4/18/2023 | Inspection Type: 01 - Routine | Score: 
INTERNATIONAL PAPER,Recycler - Paper,Date: 7/13/2022 | Inspection Type: 01 - Routine | Score: 1
INTERNATIONAL PAPER,Recycler - Paper,Date: 5/3/2021 | Inspection Type: 01 - Routine | Score: 
INTERNATIONAL PAPER,Recycler - Paper,Date: 1/9/2020 | Inspection Type: 01 - Routine | Score: 
INTERNATIONAL PAPER,Recycler - Paper,Date: 12/5/2018 | Inspection Type: 01 - Routine | Score: 1
INTERNATIONAL PAPER,Recycler - Paper,Date: 11/21/2017 | Inspection Type: 01 - Routine | Score: 
INTERNATIONAL PAPER,Recycler - Paper,Date: 11/28/2016 | Inspection Type: 01 - Routine | Score: 
INTERNATIONAL PAPER,Recycler - Paper,Date: 12/7/2015 | Inspection Type: 01 - Routine | Score: 
INTERTWINED HAIR EXTENSION CO & SALON,Regular Cosmetology,"Name: INTERTWINED HAIR EXTENSION CO & SALON | Address: 11978 S 700 E | City/State/ZIP: DRAPER, UT 84020 | Phone: (801) 948-4733"
INTERTWINED HAIR EXTENSION CO & SALON,Regular Cosmetology,Date: 11/4/2025 | Inspection Type: 01 - Routine | Score: 
INTERTWINED HAIR EXTENSION CO & SALON,Regular Cosmetology,Date: 6/6/2025 | Inspection Type: 07 - Critical Item | Score: 
INTERTWINED HAIR EXTENSION CO & SALON,Regular Cosmetology,Date: 11/20/2024 | Inspection Type: 01 - Routine | Score: 
INTERTWINED HAIR EXTENSION CO & SALON,Regular Cosmetology,Date: 12/29/2023 | Inspection Type: 01 - Routine | Score: 
INTERTWINED HAIR EXTENSION CO & SALON,Regular Cosmetology,Date: 2/2/2023 | Inspection Type: 01 - Routine | Score: 
INTERTWINED HAIR EXTENSION CO & SALON,Regular Cosmetology,Date: 2/14/2022 | Inspection Type: 01 - Routine | Score: 
INTERWEST PAPER INC.,Recycler - Paper,"Name: INTERWEST PAPER INC. | Address: 575 W 3615 S | City/State/ZIP: SALT LAKE CITY, UT 84115 | Phone: (801) 266-3610"
INTERWEST PAPER INC.,Recycler - Paper,Date: 1/30/2026 | Inspection Type: 01 - Routine | Score: 
INTERWEST PAPER INC.,Recycler - Paper,Date: 1/24/2024 | Inspection Type: 01 - Routine | Score: 
INTERWEST PAPER INC.,Recycler - Paper,Date: 11/8/2022 | Inspection Type: 01 - Routine | Score: 
INTERWEST PAPER INC.,Recycler - Paper,Date: 2/4/2020 | Inspection Type: 01 - Routine | Score: 
INTERWEST PAPER INC.,Recycler - Paper,Date: 2/22/2019 | Inspection Type: 01 - Routine | Score: 
INTERWEST PAPER INC.,Recycler - Paper,Date: 2/28/2018 | Inspection Type: 01 - Routine | Score: 
INTOWN SUITES,HOTEL/MOTEL,"Name: INTOWN SUITES | Address: 151 W 7200 S | City/State/ZIP: MIDVALE, UT 84047 | Phone: (801) 352-1686"
INTOWN SUITES,HOTEL/MOTEL,Date: 5/7/2025 | Inspection Type: 01 - Routine | Score: 1
INTOWN SUITES,HOTEL/MOTEL,Date: 6/26/2023 | Inspection Type: 01 - Routine | Score: 
INTOWN SUITES,HOTEL/MOTEL,Date: 6/27/2022 | Inspection Type: 01 - Routine | Score: 
INTOWN SUITES,HOTEL/MOTEL,Date: 5/25/2021 | Inspection Type: 01 - Routine | Score: 1
INTOWN SUITES,HOTEL/MOTEL,Date: 4/23/2019 | Inspection Type: 01 - Routine | Score: 
INTOWN SUITES,HOTEL/MOTEL,Date: 4/3/2018 | Inspection Type: 01 - Routine | Score: 1
INTOWN SUITES,HOTEL/MOTEL,Date: 4/6/2017 | Inspection Type: 01 - Routine | Score: 
INTOWN SUITES,HOTEL/MOTEL,Date: 11/30/2016 | Inspection Type: 01 - Routine | Score: 297
INTOWN SUITES,HOTEL/MOTEL,Date: 11/10/2015 | Inspection Type: 01 - Routine | Score: 
INTOWN SUITES,HOTEL/MOTEL,Date: 10/28/2014 | Inspection Type: 01 - Routine | Score: 2
INTOWN SUITES SALT LAKE,HOTEL/MOTEL,"Name: INTOWN SUITES SALT LAKE | Address: 48 W 3300 S | City/State/ZIP: SOUTH SALT LAKE, UT 84115 | Phone: (770) 799-5168"
INTOWN SUITES SALT LAKE,HOTEL/MOTEL,Date: 10/6/2025 | Inspection Type: 01 - Routine | Score: 1
INTOWN SUITES SALT LAKE,HOTEL/MOTEL,Date: 9/17/2024 | Inspection Type: 01 - Routine | Score: 1
INTOWN SUITES SALT LAKE,HOTEL/MOTEL,Date: 10/25/2023 | Inspection Type: 01 - Routine | Score: 
INTOWN SUITES SALT LAKE,HOTEL/MOTEL,Date: 11/29/2022 | Inspection Type: 01 - Routine | Score: 
INTOWN SUITES SALT LAKE,HOTEL/MOTEL,Date: 11/3/2021 | Inspection Type: 01 - Routine | Score: 
INTOWN SUITES SALT LAKE,HOTEL/MOTEL,Date: 10/26/2020 | Inspection Type: 01 - Routine | Score: 1
INTOWN SUITES SALT LAKE,HOTEL/MOTEL,Date: 10/15/2019 | Inspection Type: 01 - Routine | Score: 3
INTOWN SUITES SALT LAKE,HOTEL/MOTEL,Date: 12/10/2018 | Inspection Type: 01 - Routine | Score: 1
INTOWN SUITES SALT LAKE,HOTEL/MOTEL,Date: 6/22/2017 | Inspection Type: 01 - Routine | Score: 6
INTOWN SUITES SALT LAKE,HOTEL/MOTEL,Date: 12/29/2015 | Inspection Type: 01 - Routine | Score: 11
INTUITIVE CENTER LLC,Regular Massage,"Name: INTUITIVE CENTER LLC | Address: 6715 S 1300 E | City/State/ZIP: COTTONWOOD HEIGHTS, UT 84121 | Phone: (801) 580-1120"
INTUITIVE TOUCH MASSAGE,Mobile Massage,"Name: INTUITIVE TOUCH MASSAGE | Address: 6095 S FASHION BLVD | City/State/ZIP: MURRAY, UT 84107 | Phone: (801) 604-5449"
INVISIBLE HISTORY INC,Regular Piercing and Tattoo,"Name: INVISIBLE HISTORY INC | Address: 175 W 900 S | City/State/ZIP: SALT LAKE CITY, UT 84101 | Phone: (801) 419-0508"
IRENES HAIR SALON,Regular Cosmetology,"Name: IRENES HAIR SALON | Address: 3881 W 3500 S | City/State/ZIP: WEST VALLEY CITY, UT 84120 | Phone: (801) 755-1421"
"IRIS PIERCING, LLC",Regular Piercing and Tattoo,"Name: IRIS PIERCING, LLC | Address: 2431 S HIGHLAND DR | City/State/ZIP: SALT LAKE CITY, UT 84106 | Phone: (801) 486-0112"
"IRIS PIERCING, LLC",Regular Piercing and Tattoo,Date: 6/23/2026 | Inspection Type: 01 - Routine | Score: 1
"IRIS PIERCING, LLC",Regular Piercing and Tattoo,Date: 6/27/2025 | Inspection Type: 01 - Routine | Score: 1
"IRIS PIERCING, LLC",Regular Piercing and Tattoo,Date: 5/22/2024 | Inspection Type: 01 - Routine | Score: 
"IRIS PIERCING, LLC",Regular Piercing and Tattoo,Date: 5/26/2023 | Inspection Type: 01 - Routine | Score: 1
"IRIS PIERCING, LLC",Regular Piercing and Tattoo,Date: 5/12/2022 | Inspection Type: 01 - Routine | Score: 
"IRIS PIERCING, LLC",Regular Piercing and Tattoo,Date: 5/24/2021 | Inspection Type: 01 - Routine | Score: 
"IRIS PIERCING, LLC",Regular Piercing and Tattoo,Date: 5/10/2019 | Inspection Type: 01 - Routine | Score: 
"IRIS PIERCING, LLC",Regular Piercing and Tattoo,Date: 5/1/2018 | Inspection Type: 01 - Routine | Score: 
"IRIS PIERCING, LLC",Regular Piercing and Tattoo,Date: 5/18/2017 | Inspection Type: 01 - Routine | Score: 
"IRIS PIERCING, LLC",Regular Piercing and Tattoo,Date: 5/2/2016 | Inspection Type: 01 - Routine | Score: 
IRIS SALON AND BEAUTY,Regular Cosmetology,"Name: IRIS SALON AND BEAUTY | Address: 715 E 3900 S | City/State/ZIP: MILLCREEK, UT 84107 | Phone: (801) 865-4368"
IRIS SALON AND BEAUTY,Regular Cosmetology,Date: 8/15/2025 | Inspection Type: 01 - Routine | Score: 
IRIS SALON AND BEAUTY,Regular Cosmetology,Date: 8/28/2024 | Inspection Type: 01 - Routine | Score: 
IRIS SALON AND BEAUTY,Regular Permanent  Cosmetics,"Name: IRIS SALON AND BEAUTY | Address: 715 E 3900 S | City/State/ZIP: MILLCREEK, UT 84107 | Phone: (801) 865-4368"
IRIS SALON AND BEAUTY,Regular Permanent  Cosmetics,Date: 8/15/2025 | Inspection Type: 01 - Routine | Score: 
IRIS SALON AND BEAUTY,Regular Permanent  Cosmetics,Date: 8/28/2024 | Inspection Type: 01 - Routine | Score: 
IRON BLOSAM LODGE,HOTEL/MOTEL,"Name: IRON BLOSAM LODGE | Address: 8974 E LITTLE COTTONWOOD CYN RD | City/State/ZIP: SALT LAKE COUNTY, UT 84092 | Phone: (801) 947-7938"
IRON BLOSAM LODGE,HOTEL/MOTEL,Date: 7/9/2026 | Inspection Type: 01 - Routine | Score: 
IRON BLOSAM LODGE,HOTEL/MOTEL,Date: 7/18/2025 | Inspection Type: 01 - Routine | Score: 
IRON BLOSAM LODGE,HOTEL/MOTEL,Date: 7/8/2024 | Inspection Type: 01 - Routine | Score: 
IRON BLOSAM LODGE,HOTEL/MOTEL,Date: 7/26/2023 | Inspection Type: 01 - Routine | Score: 2
IRON BLOSAM LODGE,HOTEL/MOTEL,Date: 4/25/2022 | Inspection Type: 01 - Routine | Score: 
IRON BLOSAM LODGE,HOTEL/MOTEL,Date: 4/19/2021 | Inspection Type: 01 - Routine | Score: 
IRON BLOSAM LODGE,HOTEL/MOTEL,Date: 4/22/2019 | Inspection Type: 01 - Routine | Score: 2
IRON BLOSAM LODGE,HOTEL/MOTEL,Date: 2/26/2014 | Inspection Type: 01 - Routine | Score: 
IRON BLOSAM LODGE - EAST POOL,Hotel,"Name: IRON BLOSAM LODGE - EAST POOL | Address: 9121 E SNOWBIRD CENTER DR | City/State/ZIP: SANDY, UT 84092 | Phone: (801) 933-2222"
IRON BLOSAM LODGE - EAST POOL,Hotel,Date: 7/9/2026 | Inspection Type: 01 - Routine | Score: 3
IRON BLOSAM LODGE - EAST POOL,Hotel,Date: 5/28/2025 | Inspection Type: 01 - Routine | Score: 4
IRON BLOSAM LODGE - EAST POOL,Hotel,Date: 5/17/2024 | Inspection Type: 01 - Routine | Score: 3
IRON BLOSAM LODGE - EAST POOL,Hotel,Date: 6/28/2023 | Inspection Type: 02 - Followup | Score: 1
IRON BLOSAM LODGE - EAST POOL,Hotel,Date: 6/26/2023 | Inspection Type: 01 - Routine | Score: 4
IRON BLOSAM LODGE - EAST POOL,Hotel,Date: 5/31/2022 | Inspection Type: 01 - Routine | Score: 7
IRON BLOSAM LODGE - EAST POOL,Hotel,Date: 5/31/2022 | Inspection Type: 02 - Followup | Score: 
IRON BLOSAM LODGE - EAST POOL,Hotel,Date: 10/13/2020 | Inspection Type: 01 - Routine | Score: 1
IRON BLOSAM LODGE - EAST POOL,Hotel,Date: 6/26/2020 | Inspection Type: 07 - Critical Item | Score: 1
IRON BLOSAM LODGE - EAST POOL,Hotel,Date: 8/14/2019 | Inspection Type: 07 - Critical Item | Score: 
IRON BLOSAM LODGE - WADER,Hotel,"Name: IRON BLOSAM LODGE - WADER | Address: 9121 E SNOWBIRD CENTER DR | City/State/ZIP: SANDY, UT 84092 | Phone: (801) 947-7938"
IRON BLOSAM LODGE - WADER,Hotel,Date: 7/9/2026 | Inspection Type: 01 - Routine | Score: 2
IRON BLOSAM LODGE - WADER,Hotel,Date: 6/27/2025 | Inspection Type: 02 - Followup | Score: 
IRON BLOSAM LODGE - WADER,Hotel,Date: 6/3/2025 | Inspection Type: 01 - Routine | Score: 
IRON BLOSAM LODGE - WADER,Hotel,Date: 5/28/2025 | Inspection Type: 01 - Routine | Score: 5
IRON BLOSAM LODGE - WADER,Hotel,Date: 5/17/2024 | Inspection Type: 01 - Routine | Score: 4
IRON BLOSAM LODGE - WADER,Hotel,Date: 5/31/2022 | Inspection Type: 01 - Routine | Score: 3
IRON BLOSAM LODGE - WADER,Hotel,Date: 10/13/2020 | Inspection Type: 01 - Routine | Score: 3
IRON BLOSAM LODGE - WADER,Hotel,Date: 6/26/2020 | Inspection Type: 07 - Critical Item | Score: 2
IRON BLOSAM LODGE - WADER,Hotel,Date: 8/14/2019 | Inspection Type: 07 - Critical Item | Score: 
IRON BLOSAM LODGE - WADER,Hotel,Date: 7/19/2019 | Inspection Type: 01 - Routine | Score: 2
IRON BLOSAM LODGE - WEST POOL,Hotel,"Name: IRON BLOSAM LODGE - WEST POOL | Address: 9121 E SNOWBIRD CENTER DR | City/State/ZIP: SANDY, UT 84092 | Phone: (801) 933-2246"
IRON BLOSAM LODGE - WEST POOL,Hotel,Date: 7/9/2026 | Inspection Type: 01 - Routine | Score: 4
IRON BLOSAM LODGE - WEST POOL,Hotel,Date: 3/9/2026 | Inspection Type: 02 - Followup | Score: 
IRON BLOSAM LODGE - WEST POOL,Hotel,Date: 6/3/2025 | Inspection Type: 01 - Routine | Score: 5
IRON BLOSAM LODGE - WEST POOL,Hotel,Date: 5/30/2025 | Inspection Type: 01 - Routine | Score: 
IRON BLOSAM LODGE - WEST POOL,Hotel,Date: 5/28/2024 | Inspection Type: 01 - Routine | Score: 5
IRON BLOSAM LODGE - WEST POOL,Hotel,Date: 4/2/2024 | Inspection Type: 02 - Followup | Score: 
IRON BLOSAM LODGE - WEST POOL,Hotel,Date: 2/29/2024 | Inspection Type: 02 - Followup | Score: 
IRON BLOSAM LODGE - WEST POOL,Hotel,Date: 6/27/2023 | Inspection Type: 02 - Followup | Score: 
IRON BLOSAM LODGE - WEST POOL,Hotel,Date: 6/26/2023 | Inspection Type: 02 - Followup | Score: 3
IRON BLOSAM LODGE - WEST POOL,Hotel,Date: 3/14/2023 | Inspection Type: 01 - Routine | Score: 5
IRON BLOSAM LODGE - WEST W/P,Hotel,"Name: IRON BLOSAM LODGE - WEST W/P | Address: 9121 E SNOWBIRD CENTER DR | City/State/ZIP: SANDY, UT 84092 | Phone: (801) 947-7938"
IRON BLOSAM LODGE - WEST W/P,Hotel,Date: 7/9/2026 | Inspection Type: 01 - Routine | Score: 
IRON BLOSAM LODGE - WEST W/P,Hotel,Date: 6/27/2025 | Inspection Type: 02 - Followup | Score: 
IRON BLOSAM LODGE - WEST W/P,Hotel,Date: 6/3/2025 | Inspection Type: 01 - Routine | Score: 1
IRON BLOSAM LODGE - WEST W/P,Hotel,Date: 7/11/2024 | Inspection Type: 01 - Routine | Score: 
IRON BLOSAM LODGE - WEST W/P,Hotel,Date: 5/28/2024 | Inspection Type: 01 - Routine | Score: 
IRON BLOSAM LODGE - WEST W/P,Hotel,Date: 3/16/2023 | Inspection Type: 01 - Routine | Score: 4
IRON BLOSAM LODGE - WEST W/P,Hotel,Date: 2/7/2023 | Inspection Type: 02 - Followup | Score: 
IRON BLOSAM LODGE - WEST W/P,Hotel,Date: 9/27/2022 | Inspection Type: 02 - Followup | Score: 
IRON BLOSAM LODGE - WEST W/P,Hotel,Date: 8/17/2022 | Inspection Type: 02 - Followup | Score: 
IRON BLOSAM LODGE - WEST W/P,Hotel,Date: 3/22/2022 | Inspection Type: 01 - Routine | Score: 12
IRON PALM MASSAGE THERAPY & MARTIAL ARTS,Regular Massage,"Name: IRON PALM MASSAGE THERAPY & MARTIAL ARTS | Address: 308 E 4500 S | City/State/ZIP: MURRAY, UT 84107 | Phone: (801) 557-8652"
IRON PALM MASSAGE THERAPY & MARTIAL ARTS,Regular Massage,Date: 4/20/2022 | Inspection Type: 01 - Routine | Score: 
IRONWOOD TATTOO COLLECTIVE LLC,Regular Piercing and Tattoo,"Name: IRONWOOD TATTOO COLLECTIVE LLC | Address: 7638 S STATE ST | City/State/ZIP: MIDVALE, UT 84047 | Phone: (409) 682-3686"
IRONWOOD TATTOO COLLECTIVE LLC,Regular Piercing and Tattoo,"Name: IRONWOOD TATTOO COLLECTIVE LLC | Address: 282 E 12200 S | City/State/ZIP: DRAPER, UT 84020 | Phone: (801) 796-2444"
IRREEZISTABLE NAILS,Regular Nails,"Name: IRREEZISTABLE NAILS | Address: 441 W 12300 S | City/State/ZIP: DRAPER, UT 84020 | Phone: (801) 867-4353"
IRREEZISTABLE NAILS,Regular Nails,Date: 9/24/2025 | Inspection Type: 01 - Routine | Score: 
IRREEZISTABLE NAILS,Regular Nails,Date: 10/24/2024 | Inspection Type: 01 - Routine | Score: 
IRREEZISTABLE NAILS,Regular Nails,Date: 12/29/2023 | Inspection Type: 01 - Routine | Score: 
IRREEZISTABLE NAILS,Regular Nails,Date: 2/28/2023 | Inspection Type: 01 - Routine | Score: 
IRREEZISTABLE NAILS,Regular Nails,Date: 3/18/2022 | Inspection Type: 01 - Routine | Score: 
IRVING HEIGHTS APTS - POOL,Condo/Apartment,"Name: IRVING HEIGHTS APTS - POOL | Address: 1963 S 1200 E | City/State/ZIP: SALT LAKE CITY, UT 84105 | Phone: (801) 484-2561"
IRVING HEIGHTS APTS - POOL,Condo/Apartment,Date: 8/11/2025 | Inspection Type: 01 - Routine | Score: 1
IRVING HEIGHTS APTS - POOL,Condo/Apartment,Date: 6/21/2024 | Inspection Type: 01 - Routine | Score: 
IRVING HEIGHTS APTS - POOL,Condo/Apartment,Date: 5/25/2023 | Inspection Type: 01 - Routine | Score: 1
IRVING HEIGHTS APTS - POOL,Condo/Apartment,Date: 6/17/2022 | Inspection Type: 02 - Followup | Score: 
IRVING HEIGHTS APTS - POOL,Condo/Apartment,Date: 6/17/2022 | Inspection Type: 01 - Routine | Score: 
IRVING HEIGHTS APTS - POOL,Condo/Apartment,Date: 6/10/2022 | Inspection Type: 02 - Followup | Score: 5
IRVING HEIGHTS APTS - POOL,Condo/Apartment,Date: 6/15/2021 | Inspection Type: 02 - Followup | Score: 
IRVING HEIGHTS APTS - POOL,Condo/Apartment,Date: 6/15/2021 | Inspection Type: 01 - Routine | Score: 
IRVING HEIGHTS APTS - POOL,Condo/Apartment,Date: 6/11/2020 | Inspection Type: 07 - Critical Item | Score: 
IRVING HEIGHTS APTS - POOL,Condo/Apartment,Date: 6/19/2019 | Inspection Type: 01 - Routine | Score: 2
IRVING SCHOOL APTS - POOL,Condo/Apartment,"Name: IRVING SCHOOL APTS - POOL | Address: 1155 E 2100 S | City/State/ZIP: SALT LAKE CITY, UT 84106 | Phone: (470) 620-7059"
IRVING SCHOOL APTS - POOL,Condo/Apartment,Date: 6/2/2026 | Inspection Type: 01 - Routine | Score: 1
IRVING SCHOOL APTS - POOL,Condo/Apartment,Date: 8/25/2025 | Inspection Type: 07 - Critical Item | Score: 
IRVING SCHOOL APTS - POOL,Condo/Apartment,Date: 6/23/2025 | Inspection Type: 01 - Routine | Score: 1
IRVING SCHOOL APTS - POOL,Condo/Apartment,Date: 7/17/2024 | Inspection Type: 01 - Routine | Score: 1
IRVING SCHOOL APTS - POOL,Condo/Apartment,Date: 7/18/2023 | Inspection Type: 01 - Routine | Score: 1
IRVING SCHOOL APTS - POOL,Condo/Apartment,Date: 8/2/2022 | Inspection Type: 01 - Routine | Score: 1
IRVING SCHOOL APTS - POOL,Condo/Apartment,Date: 6/16/2021 | Inspection Type: 02 - Followup | Score: 
IRVING SCHOOL APTS - POOL,Condo/Apartment,Date: 6/16/2021 | Inspection Type: 01 - Routine | Score: 3
IRVING SCHOOL APTS - POOL,Condo/Apartment,Date: 6/11/2020 | Inspection Type: 07 - Critical Item | Score: 
IRVING SCHOOL APTS - POOL,Condo/Apartment,Date: 6/21/2019 | Inspection Type: 02 - Followup | Score: 
IRVING SCHOOL APTS - W/P,Condo/Apartment,"Name: IRVING SCHOOL APTS - W/P | Address: 1155 E 2100 S | City/State/ZIP: SALT LAKE CITY, UT 84106 | Phone: (801) 679-6044"
IRVING SCHOOL APTS - W/P,Condo/Apartment,Date: 6/2/2026 | Inspection Type: 01 - Routine | Score: 
IRVING SCHOOL APTS - W/P,Condo/Apartment,Date: 6/23/2025 | Inspection Type: 01 - Routine | Score: 
IRVING SCHOOL APTS - W/P,Condo/Apartment,Date: 1/7/2025 | Inspection Type: 02 - Followup | Score: 
IRVING SCHOOL APTS - W/P,Condo/Apartment,Date: 9/6/2024 | Inspection Type: 02 - Followup | Score: 
IRVING SCHOOL APTS - W/P,Condo/Apartment,Date: 7/29/2024 | Inspection Type: 02 - Followup | Score: 
IRVING SCHOOL APTS - W/P,Condo/Apartment,Date: 6/24/2024 | Inspection Type: 01 - Routine | Score: 1
IRVING SCHOOL APTS - W/P,Condo/Apartment,Date: 6/7/2024 | Inspection Type: 02 - Followup | Score: 
IRVING SCHOOL APTS - W/P,Condo/Apartment,Date: 4/26/2023 | Inspection Type: 01 - Routine | Score: 4
IRVING SCHOOL APTS - W/P,Condo/Apartment,Date: 7/13/2022 | Inspection Type: 02 - Followup | Score: 
IRVING SCHOOL APTS - W/P,Condo/Apartment,Date: 11/18/2021 | Inspection Type: 01 - Routine | Score: 
ISABELLAS CATERING/CITY OF HOLLADAY BREAKFAST,Food Service,"Name: ISABELLAS CATERING/CITY OF HOLLADAY BREAKFAST | Address: 3330 S 1300 S | City/State/ZIP: HOLLADAY, UT 84106 | Phone: (801) 255-9504"
ISABELLAS CATERING/CITY OF HOLLADAY BREAKFAST,Food Service,Date: 7/4/2026 | Inspection Type: 01 - Routine | Score: 
ISHA ESTHETICS LLC dba ISHA RECOVERY AND SCULPT,Regular Esthetician,"Name: ISHA ESTHETICS LLC dba ISHA RECOVERY AND SCULPT | Address: 6095 S FASHION BLVD | City/State/ZIP: MURRAY, UT 84107 | Phone: (385) 275-5765"
ISLA INK,Regular Piercing and Tattoo,"Name: ISLA INK | Address: 12336 S 450 E | City/State/ZIP: DRAPER, UT 84020 | Phone: (916) 416-7854"
ISLAND ROTISSERIE AND GRILL/BUTTLERVILLE DAYS,Food Service,"Name: ISLAND ROTISSERIE AND GRILL/BUTTLERVILLE DAYS | Address: 7500 S 2700 E | City/State/ZIP: COTTONWOOD HEIGHTS, UT 84121 | Phone: (801) 943-3190"
ISLAND TYME GRILL/SAMOAN HERITAGE,Food Service,"Name: ISLAND TYME GRILL/SAMOAN HERITAGE | Address: 5051 S 4015 W | City/State/ZIP: TAYLORSVILLE, UT 84129 | Phone: (801) 979-6190"
ISLAND TYME GRILL/SAMOAN HERITAGE,Food Service,Date: 7/14/2026 | Inspection Type: 01 - Routine | Score: 6
ISLAND TYME GRILL/SAMOAN HERITAGE,Food Service,"Name: ISLAND TYME GRILL/SAMOAN HERITAGE | Address: 5051 S 4015 W | City/State/ZIP: TAYLORSVILLE, UT 84129 | Phone: (801) 979-6190"
ISLAND TYME GRILL/SAMOAN HERITAGE,Food Service,Date: 7/16/2026 | Inspection Type: 01 - Routine | Score: 3
ISTANBUL BISTRO/DRAPER DAYS,Food Service,"Name: ISTANBUL BISTRO/DRAPER DAYS | Address: 12500 S 1300 E | City/State/ZIP: DRAPER, UT 84020 | Phone: "
IT'S ALL ABOUT ME,Regular Cosmetology,"Name: IT'S ALL ABOUT ME | Address: 1572 W 7800 S | City/State/ZIP: WEST JORDAN, UT 84088 | Phone: (801) 604-0409"
IT'S ALL ABOUT ME,Regular Cosmetology,Date: 11/6/2025 | Inspection Type: 01 - Routine | Score: 
IT'S ALL ABOUT ME,Regular Cosmetology,Date: 8/9/2024 | Inspection Type: 01 - Routine | Score: 1
IT'S ALL ABOUT ME,Regular Cosmetology,Date: 8/2/2023 | Inspection Type: 01 - Routine | Score: 2
IT'S ALL ABOUT ME,Regular Cosmetology,Date: 7/11/2022 | Inspection Type: 01 - Routine | Score: 
IT'S ALL ABOUT ME,Regular Cosmetology,Date: 6/16/2021 | Inspection Type: 01 - Routine | Score: 3
IT'S ALL ABOUT ME,Regular Cosmetology,Date: 3/6/2020 | Inspection Type: 01 - Routine | Score: 
IT'S ALL ABOUT ME,Regular Cosmetology,Date: 1/28/2019 | Inspection Type: 01 - Routine | Score: 2
IT'S ALL ABOUT ME,Regular Cosmetology,Date: 1/20/2017 | Inspection Type: 01 - Routine | Score: 1
IT'S ALL ABOUT ME,Regular Cosmetology,Date: 11/25/2014 | Inspection Type: 01 - Routine | Score: 1
IT'S ALL ABOUT ME,Regular Cosmetology,Date: 9/28/2012 | Inspection Type: 01 - Routine | Score: 2
IT.B STUDIOS,Regular Cosmetology,"Name: IT.B STUDIOS | Address: 363 S 500 E | City/State/ZIP: SALT LAKE CITY, UT 84102 | Phone: (385) 343-3388"
ITALIAN OLIVE PIZZA & PASTA,Restaurants: plated,"Name: ITALIAN OLIVE PIZZA & PASTA | Address: 270 S MAIN ST | City/State/ZIP: SALT LAKE CITY, UT 84101 | Phone: (801) 864-4648 | Rank: Not ranked"
